fileId,fileUrls from query MCD19A2--61 2024-01-01..2025-01-20 x35.5y32.2 x37.4y31[7],size
8677514508,https://ladsweb.modaps.eosdis.nasa.gov/api/v2/content/archives/MCD19A2.A2025020.h20v05.061.2025022124044.hdf,9712403
8676901332,https://ladsweb.modaps.eosdis.nasa.gov/api/v2/content/archives/MCD19A2.A2025020.h21v05.061.2025022073518.hdf,10677342
8676780649,https://ladsweb.modaps.eosdis.nasa.gov/api/v2/content/archives/MCD19A2.A2025019.h21v05.061.2025022063023.hdf,10850602
8677269058,https://ladsweb.modaps.eosdis.nasa.gov/api/v2/content/archives/MCD19A2.A2025019.h20v05.061.2025022103804.hdf,12664051
8676936778,https://ladsweb.modaps.eosdis.nasa.gov/api/v2/content/archives/MCD19A2.A2025018.h20v05.061.2025022075243.hdf,13649130
8676555249,https://ladsweb.modaps.eosdis.nasa.gov/api/v2/content/archives/MCD19A2.A2025018.h21v05.061.2025022044945.hdf,11779444
8676760311,https://ladsweb.modaps.eosdis.nasa.gov/api/v2/content/archives/MCD19A2.A2025017.h20v05.061.2025022062254.hdf,10656853
8676348208,https://ladsweb.modaps.eosdis.nasa.gov/api/v2/content/archives/MCD19A2.A2025017.h21v05.061.2025022033417.hdf,11675452
8675317911,https://ladsweb.modaps.eosdis.nasa.gov/api/v2/content/archives/MCD19A2.A2025016.h21v05.061.2025021172828.hdf,9343571
8675294281,https://ladsweb.modaps.eosdis.nasa.gov/api/v2/content/archives/MCD19A2.A2025016.h20v05.061.2025021171024.hdf,10288544
8672195045,https://ladsweb.modaps.eosdis.nasa.gov/api/v2/content/archives/MCD19A2.A2025015.h21v05.061.2025016232607.hdf,11280985
8672282978,https://ladsweb.modaps.eosdis.nasa.gov/api/v2/content/archives/MCD19A2.A2025015.h20v05.061.2025017030048.hdf,11209434
8670722508,https://ladsweb.modaps.eosdis.nasa.gov/api/v2/content/archives/MCD19A2.A2025014.h20v05.061.2025015205257.hdf,11386215
8670719581,https://ladsweb.modaps.eosdis.nasa.gov/api/v2/content/archives/MCD19A2.A2025014.h21v05.061.2025015204642.hdf,10640627
8669682462,https://ladsweb.modaps.eosdis.nasa.gov/api/v2/content/archives/MCD19A2.A2025013.h21v05.061.2025015041351.hdf,12027239
8669626447,https://ladsweb.modaps.eosdis.nasa.gov/api/v2/content/archives/MCD19A2.A2025013.h20v05.061.2025015032926.hdf,9454712
8669584081,https://ladsweb.modaps.eosdis.nasa.gov/api/v2/content/archives/MCD19A2.A2025012.h21v05.061.2025015025230.hdf,10310913
8669548826,https://ladsweb.modaps.eosdis.nasa.gov/api/v2/content/archives/MCD19A2.A2025012.h20v05.061.2025015022815.hdf,10610283
8669485651,https://ladsweb.modaps.eosdis.nasa.gov/api/v2/content/archives/MCD19A2.A2025011.h21v05.061.2025015014305.hdf,9573506
8669489792,https://ladsweb.modaps.eosdis.nasa.gov/api/v2/content/archives/MCD19A2.A2025011.h20v05.061.2025015014841.hdf,11331381
8669421320,https://ladsweb.modaps.eosdis.nasa.gov/api/v2/content/archives/MCD19A2.A2025010.h20v05.061.2025015004923.hdf,12764368
8669386108,https://ladsweb.modaps.eosdis.nasa.gov/api/v2/content/archives/MCD19A2.A2025010.h21v05.061.2025015001947.hdf,12369726
8662708722,https://ladsweb.modaps.eosdis.nasa.gov/api/v2/content/archives/MCD19A2.A2025009.h21v05.061.2025010232937.hdf,11217390
8662796438,https://ladsweb.modaps.eosdis.nasa.gov/api/v2/content/archives/MCD19A2.A2025009.h20v05.061.2025011002054.hdf,10691637
8662215472,https://ladsweb.modaps.eosdis.nasa.gov/api/v2/content/archives/MCD19A2.A2025008.h21v05.061.2025010194541.hdf,11850428
8662216884,https://ladsweb.modaps.eosdis.nasa.gov/api/v2/content/archives/MCD19A2.A2025008.h20v05.061.2025010195010.hdf,10172843
8658654939,https://ladsweb.modaps.eosdis.nasa.gov/api/v2/content/archives/MCD19A2.A2025007.h20v05.061.2025009035447.hdf,10663287
8658738780,https://ladsweb.modaps.eosdis.nasa.gov/api/v2/content/archives/MCD19A2.A2025007.h21v05.061.2025009045409.hdf,9418077
8657552406,https://ladsweb.modaps.eosdis.nasa.gov/api/v2/content/archives/MCD19A2.A2025006.h20v05.061.2025008104955.hdf,12933051
8657568628,https://ladsweb.modaps.eosdis.nasa.gov/api/v2/content/archives/MCD19A2.A2025006.h21v05.061.2025008105724.hdf,8984317
8655219815,https://ladsweb.modaps.eosdis.nasa.gov/api/v2/content/archives/MCD19A2.A2025005.h21v05.061.2025006170904.hdf,10874484
8655222179,https://ladsweb.modaps.eosdis.nasa.gov/api/v2/content/archives/MCD19A2.A2025005.h20v05.061.2025006171721.hdf,8603764
8654302243,https://ladsweb.modaps.eosdis.nasa.gov/api/v2/content/archives/MCD19A2.A2025004.h21v05.061.2025005200052.hdf,11146115
8654295332,https://ladsweb.modaps.eosdis.nasa.gov/api/v2/content/archives/MCD19A2.A2025004.h20v05.061.2025005200019.hdf,6240312
8653538076,https://ladsweb.modaps.eosdis.nasa.gov/api/v2/content/archives/MCD19A2.A2025003.h21v05.061.2025004231559.hdf,12167000
8653414025,https://ladsweb.modaps.eosdis.nasa.gov/api/v2/content/archives/MCD19A2.A2025003.h20v05.061.2025004190324.hdf,9826312
8652511801,https://ladsweb.modaps.eosdis.nasa.gov/api/v2/content/archives/MCD19A2.A2025002.h20v05.061.2025003221422.hdf,12600798
8652365033,https://ladsweb.modaps.eosdis.nasa.gov/api/v2/content/archives/MCD19A2.A2025002.h21v05.061.2025003194143.hdf,11695434
8651917100,https://ladsweb.modaps.eosdis.nasa.gov/api/v2/content/archives/MCD19A2.A2025001.h21v05.061.2025003120757.hdf,9605868
8651680299,https://ladsweb.modaps.eosdis.nasa.gov/api/v2/content/archives/MCD19A2.A2025001.h20v05.061.2025003072739.hdf,6303371
8651152526,https://ladsweb.modaps.eosdis.nasa.gov/api/v2/content/archives/MCD19A2.A2024365.h20v05.061.2025002234123.hdf,7809749
8651188698,https://ladsweb.modaps.eosdis.nasa.gov/api/v2/content/archives/MCD19A2.A2024365.h21v05.061.2025002235838.hdf,9382469
8648045190,https://ladsweb.modaps.eosdis.nasa.gov/api/v2/content/archives/MCD19A2.A2024364.h21v05.061.2024366090736.hdf,11055011
8647908168,https://ladsweb.modaps.eosdis.nasa.gov/api/v2/content/archives/MCD19A2.A2024364.h20v05.061.2024366080958.hdf,7369310
8647839422,https://ladsweb.modaps.eosdis.nasa.gov/api/v2/content/archives/MCD19A2.A2024363.h21v05.061.2024366072434.hdf,9305488
8647764897,https://ladsweb.modaps.eosdis.nasa.gov/api/v2/content/archives/MCD19A2.A2024363.h20v05.061.2024366065144.hdf,7560524
8647672528,https://ladsweb.modaps.eosdis.nasa.gov/api/v2/content/archives/MCD19A2.A2024362.h20v05.061.2024366053844.hdf,7872280
8647681989,https://ladsweb.modaps.eosdis.nasa.gov/api/v2/content/archives/MCD19A2.A2024362.h21v05.061.2024366055525.hdf,7822162
8647562830,https://ladsweb.modaps.eosdis.nasa.gov/api/v2/content/archives/MCD19A2.A2024361.h20v05.061.2024366051116.hdf,7967210
8647587527,https://ladsweb.modaps.eosdis.nasa.gov/api/v2/content/archives/MCD19A2.A2024361.h21v05.061.2024366051732.hdf,11242436
8647538172,https://ladsweb.modaps.eosdis.nasa.gov/api/v2/content/archives/MCD19A2.A2024360.h21v05.061.2024366044433.hdf,11360401
8647537208,https://ladsweb.modaps.eosdis.nasa.gov/api/v2/content/archives/MCD19A2.A2024360.h20v05.061.2024366044437.hdf,8940210
8644828335,https://ladsweb.modaps.eosdis.nasa.gov/api/v2/content/archives/MCD19A2.A2024359.h21v05.061.2024363234729.hdf,11267519
8644843174,https://ladsweb.modaps.eosdis.nasa.gov/api/v2/content/archives/MCD19A2.A2024359.h20v05.061.2024363235609.hdf,9200091
8644614139,https://ladsweb.modaps.eosdis.nasa.gov/api/v2/content/archives/MCD19A2.A2024358.h21v05.061.2024363223732.hdf,9912852
8644625736,https://ladsweb.modaps.eosdis.nasa.gov/api/v2/content/archives/MCD19A2.A2024358.h20v05.061.2024363224500.hdf,8636140
8644448716,https://ladsweb.modaps.eosdis.nasa.gov/api/v2/content/archives/MCD19A2.A2024357.h21v05.061.2024363213044.hdf,10987795
8644451525,https://ladsweb.modaps.eosdis.nasa.gov/api/v2/content/archives/MCD19A2.A2024357.h20v05.061.2024363213557.hdf,8133661
8644359441,https://ladsweb.modaps.eosdis.nasa.gov/api/v2/content/archives/MCD19A2.A2024356.h20v05.061.2024363195202.hdf,9360821
8644372678,https://ladsweb.modaps.eosdis.nasa.gov/api/v2/content/archives/MCD19A2.A2024356.h21v05.061.2024363195837.hdf,11006512
8644260674,https://ladsweb.modaps.eosdis.nasa.gov/api/v2/content/archives/MCD19A2.A2024355.h20v05.061.2024363171930.hdf,11340972
8644204262,https://ladsweb.modaps.eosdis.nasa.gov/api/v2/content/archives/MCD19A2.A2024355.h21v05.061.2024363151219.hdf,8150606
8633061763,https://ladsweb.modaps.eosdis.nasa.gov/api/v2/content/archives/MCD19A2.A2024354.h20v05.061.2024357161701.hdf,10365645
8633100948,https://ladsweb.modaps.eosdis.nasa.gov/api/v2/content/archives/MCD19A2.A2024354.h21v05.061.2024357162445.hdf,12314633
8633015639,https://ladsweb.modaps.eosdis.nasa.gov/api/v2/content/archives/MCD19A2.A2024353.h21v05.061.2024357160324.hdf,11757866
8633009870,https://ladsweb.modaps.eosdis.nasa.gov/api/v2/content/archives/MCD19A2.A2024353.h20v05.061.2024357160258.hdf,14068429
8623468416,https://ladsweb.modaps.eosdis.nasa.gov/api/v2/content/archives/MCD19A2.A2024352.h21v05.061.2024353155750.hdf,11613668
8623459689,https://ladsweb.modaps.eosdis.nasa.gov/api/v2/content/archives/MCD19A2.A2024352.h20v05.061.2024353155615.hdf,13086903
8620859582,https://ladsweb.modaps.eosdis.nasa.gov/api/v2/content/archives/MCD19A2.A2024351.h21v05.061.2024352160229.hdf,9424139
8620858147,https://ladsweb.modaps.eosdis.nasa.gov/api/v2/content/archives/MCD19A2.A2024351.h20v05.061.2024352160350.hdf,9386776
8618966894,https://ladsweb.modaps.eosdis.nasa.gov/api/v2/content/archives/MCD19A2.A2024350.h21v05.061.2024351222327.hdf,10950931
8618974000,https://ladsweb.modaps.eosdis.nasa.gov/api/v2/content/archives/MCD19A2.A2024350.h20v05.061.2024351222817.hdf,8934792
8618924640,https://ladsweb.modaps.eosdis.nasa.gov/api/v2/content/archives/MCD19A2.A2024349.h21v05.061.2024351220618.hdf,11752350
8618939063,https://ladsweb.modaps.eosdis.nasa.gov/api/v2/content/archives/MCD19A2.A2024349.h20v05.061.2024351221328.hdf,12844170
8618864581,https://ladsweb.modaps.eosdis.nasa.gov/api/v2/content/archives/MCD19A2.A2024348.h20v05.061.2024351214334.hdf,11702611
8618858975,https://ladsweb.modaps.eosdis.nasa.gov/api/v2/content/archives/MCD19A2.A2024348.h21v05.061.2024351213645.hdf,10625295
8618807157,https://ladsweb.modaps.eosdis.nasa.gov/api/v2/content/archives/MCD19A2.A2024347.h20v05.061.2024351212056.hdf,8851394
8618807158,https://ladsweb.modaps.eosdis.nasa.gov/api/v2/content/archives/MCD19A2.A2024347.h21v05.061.2024351211831.hdf,7965959
8615283087,https://ladsweb.modaps.eosdis.nasa.gov/api/v2/content/archives/MCD19A2.A2024346.h21v05.061.2024348201259.hdf,9765353
8615274709,https://ladsweb.modaps.eosdis.nasa.gov/api/v2/content/archives/MCD19A2.A2024346.h20v05.061.2024348201122.hdf,5919902
8610808940,https://ladsweb.modaps.eosdis.nasa.gov/api/v2/content/archives/MCD19A2.A2024345.h21v05.061.2024346160057.hdf,11169324
8610791272,https://ladsweb.modaps.eosdis.nasa.gov/api/v2/content/archives/MCD19A2.A2024345.h20v05.061.2024346155829.hdf,7918993
8609296131,https://ladsweb.modaps.eosdis.nasa.gov/api/v2/content/archives/MCD19A2.A2024344.h21v05.061.2024345161955.hdf,12274170
8609283837,https://ladsweb.modaps.eosdis.nasa.gov/api/v2/content/archives/MCD19A2.A2024344.h20v05.061.2024345161017.hdf,7085443
8607927768,https://ladsweb.modaps.eosdis.nasa.gov/api/v2/content/archives/MCD19A2.A2024343.h20v05.061.2024344203143.hdf,11095078
8607938145,https://ladsweb.modaps.eosdis.nasa.gov/api/v2/content/archives/MCD19A2.A2024343.h21v05.061.2024344203343.hdf,7626320
8607742728,https://ladsweb.modaps.eosdis.nasa.gov/api/v2/content/archives/MCD19A2.A2024342.h21v05.061.2024344191604.hdf,9203868
8607732846,https://ladsweb.modaps.eosdis.nasa.gov/api/v2/content/archives/MCD19A2.A2024342.h20v05.061.2024344191543.hdf,7501722
8607632410,https://ladsweb.modaps.eosdis.nasa.gov/api/v2/content/archives/MCD19A2.A2024341.h20v05.061.2024344183639.hdf,8990845
8607656923,https://ladsweb.modaps.eosdis.nasa.gov/api/v2/content/archives/MCD19A2.A2024341.h21v05.061.2024344184514.hdf,11502731
8602957842,https://ladsweb.modaps.eosdis.nasa.gov/api/v2/content/archives/MCD19A2.A2024340.h21v05.061.2024341161117.hdf,10863622
8602965741,https://ladsweb.modaps.eosdis.nasa.gov/api/v2/content/archives/MCD19A2.A2024340.h20v05.061.2024341161722.hdf,11032820
8601505869,https://ladsweb.modaps.eosdis.nasa.gov/api/v2/content/archives/MCD19A2.A2024339.h20v05.061.2024341000604.hdf,9245348
8601457100,https://ladsweb.modaps.eosdis.nasa.gov/api/v2/content/archives/MCD19A2.A2024339.h21v05.061.2024340233526.hdf,12600942
8599826981,https://ladsweb.modaps.eosdis.nasa.gov/api/v2/content/archives/MCD19A2.A2024338.h21v05.061.2024339183650.hdf,11367342
8599816451,https://ladsweb.modaps.eosdis.nasa.gov/api/v2/content/archives/MCD19A2.A2024338.h20v05.061.2024339183316.hdf,9356628
8598658273,https://ladsweb.modaps.eosdis.nasa.gov/api/v2/content/archives/MCD19A2.A2024337.h21v05.061.2024338163903.hdf,11354601
8598655880,https://ladsweb.modaps.eosdis.nasa.gov/api/v2/content/archives/MCD19A2.A2024337.h20v05.061.2024338164020.hdf,10320632
8597970759,https://ladsweb.modaps.eosdis.nasa.gov/api/v2/content/archives/MCD19A2.A2024336.h21v05.061.2024338001536.hdf,11546011
8597949013,https://ladsweb.modaps.eosdis.nasa.gov/api/v2/content/archives/MCD19A2.A2024336.h20v05.061.2024337235055.hdf,11407071
8597904828,https://ladsweb.modaps.eosdis.nasa.gov/api/v2/content/archives/MCD19A2.A2024335.h20v05.061.2024337230751.hdf,11639198
8597931509,https://ladsweb.modaps.eosdis.nasa.gov/api/v2/content/archives/MCD19A2.A2024335.h21v05.061.2024337232606.hdf,11485768
8597862885,https://ladsweb.modaps.eosdis.nasa.gov/api/v2/content/archives/MCD19A2.A2024334.h21v05.061.2024337223125.hdf,12119997
8597847865,https://ladsweb.modaps.eosdis.nasa.gov/api/v2/content/archives/MCD19A2.A2024334.h20v05.061.2024337221210.hdf,12305186
8597761545,https://ladsweb.modaps.eosdis.nasa.gov/api/v2/content/archives/MCD19A2.A2024333.h20v05.061.2024337204358.hdf,12496694
8597771694,https://ladsweb.modaps.eosdis.nasa.gov/api/v2/content/archives/MCD19A2.A2024333.h21v05.061.2024337205857.hdf,11378009
8597576408,https://ladsweb.modaps.eosdis.nasa.gov/api/v2/content/archives/MCD19A2.A2024332.h20v05.061.2024337181355.hdf,11750530
8597603188,https://ladsweb.modaps.eosdis.nasa.gov/api/v2/content/archives/MCD19A2.A2024332.h21v05.061.2024337182945.hdf,10662430
8587740412,https://ladsweb.modaps.eosdis.nasa.gov/api/v2/content/archives/MCD19A2.A2024331.h21v05.061.2024332163849.hdf,8951082
8587726481,https://ladsweb.modaps.eosdis.nasa.gov/api/v2/content/archives/MCD19A2.A2024331.h20v05.061.2024332163707.hdf,9348270
8585798935,https://ladsweb.modaps.eosdis.nasa.gov/api/v2/content/archives/MCD19A2.A2024330.h20v05.061.2024331162954.hdf,10675241
8585777501,https://ladsweb.modaps.eosdis.nasa.gov/api/v2/content/archives/MCD19A2.A2024330.h21v05.061.2024331160802.hdf,9803576
8584990006,https://ladsweb.modaps.eosdis.nasa.gov/api/v2/content/archives/MCD19A2.A2024329.h20v05.061.2024330185649.hdf,9834930
8585007057,https://ladsweb.modaps.eosdis.nasa.gov/api/v2/content/archives/MCD19A2.A2024329.h21v05.061.2024330190533.hdf,11767442
8584938304,https://ladsweb.modaps.eosdis.nasa.gov/api/v2/content/archives/MCD19A2.A2024328.h21v05.061.2024330180700.hdf,12306089
8584910430,https://ladsweb.modaps.eosdis.nasa.gov/api/v2/content/archives/MCD19A2.A2024328.h20v05.061.2024330174502.hdf,13175585
8583757402,https://ladsweb.modaps.eosdis.nasa.gov/api/v2/content/archives/MCD19A2.A2024327.h20v05.061.2024328170535.hdf,12946391
8583745267,https://ladsweb.modaps.eosdis.nasa.gov/api/v2/content/archives/MCD19A2.A2024327.h21v05.061.2024328164414.hdf,12129925
8582719239,https://ladsweb.modaps.eosdis.nasa.gov/api/v2/content/archives/MCD19A2.A2024326.h20v05.061.2024327163801.hdf,7941132
8582770662,https://ladsweb.modaps.eosdis.nasa.gov/api/v2/content/archives/MCD19A2.A2024326.h21v05.061.2024327171317.hdf,12277080
8582256444,https://ladsweb.modaps.eosdis.nasa.gov/api/v2/content/archives/MCD19A2.A2024325.h20v05.061.2024327053258.hdf,12048762
8582278876,https://ladsweb.modaps.eosdis.nasa.gov/api/v2/content/archives/MCD19A2.A2024325.h21v05.061.2024327055321.hdf,11415416
8582255469,https://ladsweb.modaps.eosdis.nasa.gov/api/v2/content/archives/MCD19A2.A2024324.h21v05.061.2024327052757.hdf,11594951
8582238685,https://ladsweb.modaps.eosdis.nasa.gov/api/v2/content/archives/MCD19A2.A2024324.h20v05.061.2024327051812.hdf,11656530
8580432865,https://ladsweb.modaps.eosdis.nasa.gov/api/v2/content/archives/MCD19A2.A2024323.h20v05.061.2024326025518.hdf,9342926
8580475844,https://ladsweb.modaps.eosdis.nasa.gov/api/v2/content/archives/MCD19A2.A2024323.h21v05.061.2024326031428.hdf,10256457
8580422891,https://ladsweb.modaps.eosdis.nasa.gov/api/v2/content/archives/MCD19A2.A2024322.h21v05.061.2024326024646.hdf,11612861
8580380761,https://ladsweb.modaps.eosdis.nasa.gov/api/v2/content/archives/MCD19A2.A2024322.h20v05.061.2024326022550.hdf,8717485
8580354523,https://ladsweb.modaps.eosdis.nasa.gov/api/v2/content/archives/MCD19A2.A2024321.h21v05.061.2024326020110.hdf,12296351
8580307571,https://ladsweb.modaps.eosdis.nasa.gov/api/v2/content/archives/MCD19A2.A2024321.h20v05.061.2024326014441.hdf,10692825
8580262971,https://ladsweb.modaps.eosdis.nasa.gov/api/v2/content/archives/MCD19A2.A2024320.h20v05.061.2024326011424.hdf,13918895
8580279369,https://ladsweb.modaps.eosdis.nasa.gov/api/v2/content/archives/MCD19A2.A2024320.h21v05.061.2024326012305.hdf,12801465
8580130427,https://ladsweb.modaps.eosdis.nasa.gov/api/v2/content/archives/MCD19A2.A2024319.h20v05.061.2024325234956.hdf,11181595
8580136417,https://ladsweb.modaps.eosdis.nasa.gov/api/v2/content/archives/MCD19A2.A2024319.h21v05.061.2024325235515.hdf,12914544
8579651068,https://ladsweb.modaps.eosdis.nasa.gov/api/v2/content/archives/MCD19A2.A2024318.h20v05.061.2024325215433.hdf,14447715
8579649783,https://ladsweb.modaps.eosdis.nasa.gov/api/v2/content/archives/MCD19A2.A2024318.h21v05.061.2024325215047.hdf,12251762
8579425876,https://ladsweb.modaps.eosdis.nasa.gov/api/v2/content/archives/MCD19A2.A2024317.h21v05.061.2024325200751.hdf,11743947
8579422270,https://ladsweb.modaps.eosdis.nasa.gov/api/v2/content/archives/MCD19A2.A2024317.h20v05.061.2024325200649.hdf,12427561
8567032887,https://ladsweb.modaps.eosdis.nasa.gov/api/v2/content/archives/MCD19A2.A2024316.h20v05.061.2024318125136.hdf,10100434
8567051152,https://ladsweb.modaps.eosdis.nasa.gov/api/v2/content/archives/MCD19A2.A2024316.h21v05.061.2024318125609.hdf,10310260
8566862503,https://ladsweb.modaps.eosdis.nasa.gov/api/v2/content/archives/MCD19A2.A2024315.h21v05.061.2024318112834.hdf,11970682
8566902486,https://ladsweb.modaps.eosdis.nasa.gov/api/v2/content/archives/MCD19A2.A2024315.h20v05.061.2024318115115.hdf,8821769
8566757162,https://ladsweb.modaps.eosdis.nasa.gov/api/v2/content/archives/MCD19A2.A2024314.h20v05.061.2024318103733.hdf,11324716
8566717607,https://ladsweb.modaps.eosdis.nasa.gov/api/v2/content/archives/MCD19A2.A2024314.h21v05.061.2024318101646.hdf,11561633
8566525379,https://ladsweb.modaps.eosdis.nasa.gov/api/v2/content/archives/MCD19A2.A2024313.h20v05.061.2024318081301.hdf,13819810
8566479749,https://ladsweb.modaps.eosdis.nasa.gov/api/v2/content/archives/MCD19A2.A2024313.h21v05.061.2024318074413.hdf,11593390
8556146775,https://ladsweb.modaps.eosdis.nasa.gov/api/v2/content/archives/MCD19A2.A2024312.h20v05.061.2024313165635.hdf,13934569
8556168853,https://ladsweb.modaps.eosdis.nasa.gov/api/v2/content/archives/MCD19A2.A2024312.h21v05.061.2024313170403.hdf,12159401
8553792271,https://ladsweb.modaps.eosdis.nasa.gov/api/v2/content/archives/MCD19A2.A2024311.h20v05.061.2024312170749.hdf,14552392
8553795202,https://ladsweb.modaps.eosdis.nasa.gov/api/v2/content/archives/MCD19A2.A2024311.h21v05.061.2024312170839.hdf,12225897
8550544567,https://ladsweb.modaps.eosdis.nasa.gov/api/v2/content/archives/MCD19A2.A2024310.h21v05.061.2024311175129.hdf,12951916
8550447866,https://ladsweb.modaps.eosdis.nasa.gov/api/v2/content/archives/MCD19A2.A2024310.h20v05.061.2024311171459.hdf,14486551
8548101786,https://ladsweb.modaps.eosdis.nasa.gov/api/v2/content/archives/MCD19A2.A2024309.h20v05.061.2024310191004.hdf,11166938
8548014258,https://ladsweb.modaps.eosdis.nasa.gov/api/v2/content/archives/MCD19A2.A2024309.h21v05.061.2024310182504.hdf,11316589
8546761914,https://ladsweb.modaps.eosdis.nasa.gov/api/v2/content/archives/MCD19A2.A2024308.h20v05.061.2024310040807.hdf,14045210
8546842795,https://ladsweb.modaps.eosdis.nasa.gov/api/v2/content/archives/MCD19A2.A2024308.h21v05.061.2024310044838.hdf,9300787
8546718697,https://ladsweb.modaps.eosdis.nasa.gov/api/v2/content/archives/MCD19A2.A2024307.h21v05.061.2024310034146.hdf,11744355
8546683558,https://ladsweb.modaps.eosdis.nasa.gov/api/v2/content/archives/MCD19A2.A2024307.h20v05.061.2024310031030.hdf,10786582
8546506691,https://ladsweb.modaps.eosdis.nasa.gov/api/v2/content/archives/MCD19A2.A2024306.h20v05.061.2024310013307.hdf,13598786
8546581092,https://ladsweb.modaps.eosdis.nasa.gov/api/v2/content/archives/MCD19A2.A2024306.h21v05.061.2024310020524.hdf,10762834
8541149511,https://ladsweb.modaps.eosdis.nasa.gov/api/v2/content/archives/MCD19A2.A2024305.h21v05.061.2024306193648.hdf,12311797
8541204982,https://ladsweb.modaps.eosdis.nasa.gov/api/v2/content/archives/MCD19A2.A2024305.h20v05.061.2024306200609.hdf,14064543
8541078275,https://ladsweb.modaps.eosdis.nasa.gov/api/v2/content/archives/MCD19A2.A2024304.h21v05.061.2024306190734.hdf,12064298
8540932709,https://ladsweb.modaps.eosdis.nasa.gov/api/v2/content/archives/MCD19A2.A2024304.h20v05.061.2024306180510.hdf,11512910
8537992124,https://ladsweb.modaps.eosdis.nasa.gov/api/v2/content/archives/MCD19A2.A2024303.h20v05.061.2024305031324.hdf,14789514
8538010609,https://ladsweb.modaps.eosdis.nasa.gov/api/v2/content/archives/MCD19A2.A2024303.h21v05.061.2024305032416.hdf,13267643
8535647528,https://ladsweb.modaps.eosdis.nasa.gov/api/v2/content/archives/MCD19A2.A2024302.h20v05.061.2024304003438.hdf,11989289
8535684196,https://ladsweb.modaps.eosdis.nasa.gov/api/v2/content/archives/MCD19A2.A2024302.h21v05.061.2024304004102.hdf,13781891
8533654989,https://ladsweb.modaps.eosdis.nasa.gov/api/v2/content/archives/MCD19A2.A2024301.h20v05.061.2024302182007.hdf,15673782
8533624379,https://ladsweb.modaps.eosdis.nasa.gov/api/v2/content/archives/MCD19A2.A2024301.h21v05.061.2024302180021.hdf,12785752
8532905207,https://ladsweb.modaps.eosdis.nasa.gov/api/v2/content/archives/MCD19A2.A2024300.h21v05.061.2024301155329.hdf,12502226
8532908944,https://ladsweb.modaps.eosdis.nasa.gov/api/v2/content/archives/MCD19A2.A2024300.h20v05.061.2024301160002.hdf,14115572
8531966075,https://ladsweb.modaps.eosdis.nasa.gov/api/v2/content/archives/MCD19A2.A2024299.h21v05.061.2024300160123.hdf,13947376
8531966074,https://ladsweb.modaps.eosdis.nasa.gov/api/v2/content/archives/MCD19A2.A2024299.h20v05.061.2024300160456.hdf,12887539
8530645386,https://ladsweb.modaps.eosdis.nasa.gov/api/v2/content/archives/MCD19A2.A2024298.h20v05.061.2024299161132.hdf,15185955
8530630915,https://ladsweb.modaps.eosdis.nasa.gov/api/v2/content/archives/MCD19A2.A2024298.h21v05.061.2024299155947.hdf,12692496
8529977774,https://ladsweb.modaps.eosdis.nasa.gov/api/v2/content/archives/MCD19A2.A2024297.h20v05.061.2024298165012.hdf,11859082
8529970299,https://ladsweb.modaps.eosdis.nasa.gov/api/v2/content/archives/MCD19A2.A2024297.h21v05.061.2024298164254.hdf,12884916
8529352880,https://ladsweb.modaps.eosdis.nasa.gov/api/v2/content/archives/MCD19A2.A2024296.h21v05.061.2024297224654.hdf,11817290
8529422436,https://ladsweb.modaps.eosdis.nasa.gov/api/v2/content/archives/MCD19A2.A2024296.h20v05.061.2024298000628.hdf,14136569
8529336065,https://ladsweb.modaps.eosdis.nasa.gov/api/v2/content/archives/MCD19A2.A2024295.h21v05.061.2024297222414.hdf,12524913
8529365493,https://ladsweb.modaps.eosdis.nasa.gov/api/v2/content/archives/MCD19A2.A2024295.h20v05.061.2024297225953.hdf,12617068
8529323556,https://ladsweb.modaps.eosdis.nasa.gov/api/v2/content/archives/MCD19A2.A2024294.h20v05.061.2024297221325.hdf,11549682
8529315943,https://ladsweb.modaps.eosdis.nasa.gov/api/v2/content/archives/MCD19A2.A2024294.h21v05.061.2024297220420.hdf,13369772
8526666077,https://ladsweb.modaps.eosdis.nasa.gov/api/v2/content/archives/MCD19A2.A2024293.h20v05.061.2024294161044.hdf,13956128
8526666350,https://ladsweb.modaps.eosdis.nasa.gov/api/v2/content/archives/MCD19A2.A2024293.h21v05.061.2024294160856.hdf,12728081
8526286926,https://ladsweb.modaps.eosdis.nasa.gov/api/v2/content/archives/MCD19A2.A2024292.h20v05.061.2024293210558.hdf,11026079
8526295261,https://ladsweb.modaps.eosdis.nasa.gov/api/v2/content/archives/MCD19A2.A2024292.h21v05.061.2024293211326.hdf,12600696
8525878783,https://ladsweb.modaps.eosdis.nasa.gov/api/v2/content/archives/MCD19A2.A2024291.h20v05.061.2024293020037.hdf,13004366
8525875614,https://ladsweb.modaps.eosdis.nasa.gov/api/v2/content/archives/MCD19A2.A2024291.h21v05.061.2024293015455.hdf,12255531
8525284896,https://ladsweb.modaps.eosdis.nasa.gov/api/v2/content/archives/MCD19A2.A2024290.h20v05.061.2024291174312.hdf,11852894
8525288381,https://ladsweb.modaps.eosdis.nasa.gov/api/v2/content/archives/MCD19A2.A2024290.h21v05.061.2024291174354.hdf,13270446
8524807116,https://ladsweb.modaps.eosdis.nasa.gov/api/v2/content/archives/MCD19A2.A2024289.h20v05.061.2024290163835.hdf,10142107
8524816270,https://ladsweb.modaps.eosdis.nasa.gov/api/v2/content/archives/MCD19A2.A2024289.h21v05.061.2024290164612.hdf,6825623
8523891876,https://ladsweb.modaps.eosdis.nasa.gov/api/v2/content/archives/MCD19A2.A2024288.h20v05.061.2024289204947.hdf,11506096
8523943840,https://ladsweb.modaps.eosdis.nasa.gov/api/v2/content/archives/MCD19A2.A2024288.h21v05.061.2024289210721.hdf,13154831
8523891874,https://ladsweb.modaps.eosdis.nasa.gov/api/v2/content/archives/MCD19A2.A2024287.h21v05.061.2024289204742.hdf,7663522
8523856908,https://ladsweb.modaps.eosdis.nasa.gov/api/v2/content/archives/MCD19A2.A2024287.h20v05.061.2024289203423.hdf,7032649
8523837881,https://ladsweb.modaps.eosdis.nasa.gov/api/v2/content/archives/MCD19A2.A2024286.h21v05.061.2024289201034.hdf,11841699
8523841604,https://ladsweb.modaps.eosdis.nasa.gov/api/v2/content/archives/MCD19A2.A2024286.h20v05.061.2024289201722.hdf,13039398
8523761001,https://ladsweb.modaps.eosdis.nasa.gov/api/v2/content/archives/MCD19A2.A2024285.h21v05.061.2024289174918.hdf,7807066
8523746443,https://ladsweb.modaps.eosdis.nasa.gov/api/v2/content/archives/MCD19A2.A2024285.h20v05.061.2024289173125.hdf,5919835
8521340459,https://ladsweb.modaps.eosdis.nasa.gov/api/v2/content/archives/MCD19A2.A2024284.h20v05.061.2024285224534.hdf,9788003
8521332371,https://ladsweb.modaps.eosdis.nasa.gov/api/v2/content/archives/MCD19A2.A2024284.h21v05.061.2024285223220.hdf,7048785
8519397503,https://ladsweb.modaps.eosdis.nasa.gov/api/v2/content/archives/MCD19A2.A2024283.h20v05.061.2024284191947.hdf,8920792
8519416256,https://ladsweb.modaps.eosdis.nasa.gov/api/v2/content/archives/MCD19A2.A2024283.h21v05.061.2024284192233.hdf,9070498
8519092416,https://ladsweb.modaps.eosdis.nasa.gov/api/v2/content/archives/MCD19A2.A2024282.h21v05.061.2024284165004.hdf,7705801
8519127196,https://ladsweb.modaps.eosdis.nasa.gov/api/v2/content/archives/MCD19A2.A2024282.h20v05.061.2024284170944.hdf,8802871
8518032805,https://ladsweb.modaps.eosdis.nasa.gov/api/v2/content/archives/MCD19A2.A2024281.h21v05.061.2024284101630.hdf,14059788
8518436227,https://ladsweb.modaps.eosdis.nasa.gov/api/v2/content/archives/MCD19A2.A2024281.h20v05.061.2024284123841.hdf,14937929
8517631300,https://ladsweb.modaps.eosdis.nasa.gov/api/v2/content/archives/MCD19A2.A2024280.h21v05.061.2024284070755.hdf,12627236
8517835384,https://ladsweb.modaps.eosdis.nasa.gov/api/v2/content/archives/MCD19A2.A2024280.h20v05.061.2024284085249.hdf,11057474
8517175429,https://ladsweb.modaps.eosdis.nasa.gov/api/v2/content/archives/MCD19A2.A2024279.h20v05.061.2024284025102.hdf,14286188
8517092844,https://ladsweb.modaps.eosdis.nasa.gov/api/v2/content/archives/MCD19A2.A2024279.h21v05.061.2024284020630.hdf,14334506
8505589009,https://ladsweb.modaps.eosdis.nasa.gov/api/v2/content/archives/MCD19A2.A2024278.h20v05.061.2024279163121.hdf,12672432
8505604768,https://ladsweb.modaps.eosdis.nasa.gov/api/v2/content/archives/MCD19A2.A2024278.h21v05.061.2024279163446.hdf,14363048
8502684810,https://ladsweb.modaps.eosdis.nasa.gov/api/v2/content/archives/MCD19A2.A2024277.h21v05.061.2024278163047.hdf,14424941
8502638903,https://ladsweb.modaps.eosdis.nasa.gov/api/v2/content/archives/MCD19A2.A2024277.h20v05.061.2024278161513.hdf,13074407
8497340372,https://ladsweb.modaps.eosdis.nasa.gov/api/v2/content/archives/MCD19A2.A2024276.h21v05.061.2024277155815.hdf,13091455
8497341523,https://ladsweb.modaps.eosdis.nasa.gov/api/v2/content/archives/MCD19A2.A2024276.h20v05.061.2024277160301.hdf,13321162
8495095301,https://ladsweb.modaps.eosdis.nasa.gov/api/v2/content/archives/MCD19A2.A2024275.h20v05.061.2024276183130.hdf,9781231
8495094807,https://ladsweb.modaps.eosdis.nasa.gov/api/v2/content/archives/MCD19A2.A2024275.h21v05.061.2024276182732.hdf,14015551
8493475462,https://ladsweb.modaps.eosdis.nasa.gov/api/v2/content/archives/MCD19A2.A2024274.h20v05.061.2024275233028.hdf,12575177
8493624147,https://ladsweb.modaps.eosdis.nasa.gov/api/v2/content/archives/MCD19A2.A2024274.h21v05.061.2024276003413.hdf,14164492
8490743432,https://ladsweb.modaps.eosdis.nasa.gov/api/v2/content/archives/MCD19A2.A2024273.h20v05.061.2024274210206.hdf,11562403
8490745817,https://ladsweb.modaps.eosdis.nasa.gov/api/v2/content/archives/MCD19A2.A2024273.h21v05.061.2024274210235.hdf,14993719
8490525131,https://ladsweb.modaps.eosdis.nasa.gov/api/v2/content/archives/MCD19A2.A2024272.h21v05.061.2024274185450.hdf,13855070
8490525831,https://ladsweb.modaps.eosdis.nasa.gov/api/v2/content/archives/MCD19A2.A2024272.h20v05.061.2024274185844.hdf,14197954
8490392194,https://ladsweb.modaps.eosdis.nasa.gov/api/v2/content/archives/MCD19A2.A2024271.h20v05.061.2024274173639.hdf,15442278
8490419301,https://ladsweb.modaps.eosdis.nasa.gov/api/v2/content/archives/MCD19A2.A2024271.h21v05.061.2024274175015.hdf,13409764
8485327376,https://ladsweb.modaps.eosdis.nasa.gov/api/v2/content/archives/MCD19A2.A2024270.h21v05.061.2024271160930.hdf,14266923
8485303364,https://ladsweb.modaps.eosdis.nasa.gov/api/v2/content/archives/MCD19A2.A2024270.h20v05.061.2024271155906.hdf,11240416
8483996136,https://ladsweb.modaps.eosdis.nasa.gov/api/v2/content/archives/MCD19A2.A2024269.h21v05.061.2024270161326.hdf,14241873
8483972312,https://ladsweb.modaps.eosdis.nasa.gov/api/v2/content/archives/MCD19A2.A2024269.h20v05.061.2024270155917.hdf,15316575
8482505596,https://ladsweb.modaps.eosdis.nasa.gov/api/v2/content/archives/MCD19A2.A2024268.h21v05.061.2024269155814.hdf,14436318
8482509115,https://ladsweb.modaps.eosdis.nasa.gov/api/v2/content/archives/MCD19A2.A2024268.h20v05.061.2024269160649.hdf,9116121
8481551671,https://ladsweb.modaps.eosdis.nasa.gov/api/v2/content/archives/MCD19A2.A2024267.h20v05.061.2024269051338.hdf,12633238
8481572657,https://ladsweb.modaps.eosdis.nasa.gov/api/v2/content/archives/MCD19A2.A2024267.h21v05.061.2024269052525.hdf,13963590
8481538156,https://ladsweb.modaps.eosdis.nasa.gov/api/v2/content/archives/MCD19A2.A2024266.h21v05.061.2024269050456.hdf,12386347
8481517079,https://ladsweb.modaps.eosdis.nasa.gov/api/v2/content/archives/MCD19A2.A2024266.h20v05.061.2024269045903.hdf,9684590
8481495178,https://ladsweb.modaps.eosdis.nasa.gov/api/v2/content/archives/MCD19A2.A2024265.h21v05.061.2024269044320.hdf,12792564
8481474425,https://ladsweb.modaps.eosdis.nasa.gov/api/v2/content/archives/MCD19A2.A2024265.h20v05.061.2024269043619.hdf,9916258
8479541912,https://ladsweb.modaps.eosdis.nasa.gov/api/v2/content/archives/MCD19A2.A2024264.h20v05.061.2024267235357.hdf,11384940
8479541913,https://ladsweb.modaps.eosdis.nasa.gov/api/v2/content/archives/MCD19A2.A2024264.h21v05.061.2024267235125.hdf,12752482
8479445689,https://ladsweb.modaps.eosdis.nasa.gov/api/v2/content/archives/MCD19A2.A2024263.h21v05.061.2024267222206.hdf,12408417
8479447663,https://ladsweb.modaps.eosdis.nasa.gov/api/v2/content/archives/MCD19A2.A2024263.h20v05.061.2024267222926.hdf,9120338
8479350419,https://ladsweb.modaps.eosdis.nasa.gov/api/v2/content/archives/MCD19A2.A2024262.h21v05.061.2024267213102.hdf,13763197
8479274970,https://ladsweb.modaps.eosdis.nasa.gov/api/v2/content/archives/MCD19A2.A2024262.h20v05.061.2024267210510.hdf,10449975
8471934426,https://ladsweb.modaps.eosdis.nasa.gov/api/v2/content/archives/MCD19A2.A2024261.h20v05.061.2024262155554.hdf,11572049
8471957591,https://ladsweb.modaps.eosdis.nasa.gov/api/v2/content/archives/MCD19A2.A2024261.h21v05.061.2024262160541.hdf,13868584
8469565533,https://ladsweb.modaps.eosdis.nasa.gov/api/v2/content/archives/MCD19A2.A2024260.h20v05.061.2024261155554.hdf,11126593
8469606384,https://ladsweb.modaps.eosdis.nasa.gov/api/v2/content/archives/MCD19A2.A2024260.h21v05.061.2024261161349.hdf,14526364
8467967592,https://ladsweb.modaps.eosdis.nasa.gov/api/v2/content/archives/MCD19A2.A2024259.h20v05.061.2024260164802.hdf,12042172
8467980216,https://ladsweb.modaps.eosdis.nasa.gov/api/v2/content/archives/MCD19A2.A2024259.h21v05.061.2024260164645.hdf,14083792
8466235437,https://ladsweb.modaps.eosdis.nasa.gov/api/v2/content/archives/MCD19A2.A2024258.h20v05.061.2024259161054.hdf,10961628
8466266354,https://ladsweb.modaps.eosdis.nasa.gov/api/v2/content/archives/MCD19A2.A2024258.h21v05.061.2024259162532.hdf,15068887
8464394934,https://ladsweb.modaps.eosdis.nasa.gov/api/v2/content/archives/MCD19A2.A2024257.h20v05.061.2024258180856.hdf,15538242
8464402210,https://ladsweb.modaps.eosdis.nasa.gov/api/v2/content/archives/MCD19A2.A2024257.h21v05.061.2024258180859.hdf,14563896
8463247262,https://ladsweb.modaps.eosdis.nasa.gov/api/v2/content/archives/MCD19A2.A2024256.h20v05.061.2024258060856.hdf,11582602
8463295459,https://ladsweb.modaps.eosdis.nasa.gov/api/v2/content/archives/MCD19A2.A2024256.h21v05.061.2024258062948.hdf,15038224
8463179414,https://ladsweb.modaps.eosdis.nasa.gov/api/v2/content/archives/MCD19A2.A2024255.h21v05.061.2024258051459.hdf,15280720
8463165008,https://ladsweb.modaps.eosdis.nasa.gov/api/v2/content/archives/MCD19A2.A2024255.h20v05.061.2024258051106.hdf,12503681
8459000013,https://ladsweb.modaps.eosdis.nasa.gov/api/v2/content/archives/MCD19A2.A2024254.h20v05.061.2024256124718.hdf,13331592
8459026430,https://ladsweb.modaps.eosdis.nasa.gov/api/v2/content/archives/MCD19A2.A2024254.h21v05.061.2024256125547.hdf,14648537
8453941047,https://ladsweb.modaps.eosdis.nasa.gov/api/v2/content/archives/MCD19A2.A2024253.h20v05.061.2024254164503.hdf,11262977
8454001898,https://ladsweb.modaps.eosdis.nasa.gov/api/v2/content/archives/MCD19A2.A2024253.h21v05.061.2024254171121.hdf,14466849
8451212296,https://ladsweb.modaps.eosdis.nasa.gov/api/v2/content/archives/MCD19A2.A2024252.h20v05.061.2024253160505.hdf,14687100
8451232703,https://ladsweb.modaps.eosdis.nasa.gov/api/v2/content/archives/MCD19A2.A2024252.h21v05.061.2024253160903.hdf,14803930
8448738121,https://ladsweb.modaps.eosdis.nasa.gov/api/v2/content/archives/MCD19A2.A2024251.h20v05.061.2024252163035.hdf,10270762
8448798395,https://ladsweb.modaps.eosdis.nasa.gov/api/v2/content/archives/MCD19A2.A2024251.h21v05.061.2024252171025.hdf,15104194
8446595857,https://ladsweb.modaps.eosdis.nasa.gov/api/v2/content/archives/MCD19A2.A2024250.h21v05.061.2024251165809.hdf,15266955
8446605404,https://ladsweb.modaps.eosdis.nasa.gov/api/v2/content/archives/MCD19A2.A2024250.h20v05.061.2024251170334.hdf,14769188
8444039916,https://ladsweb.modaps.eosdis.nasa.gov/api/v2/content/archives/MCD19A2.A2024249.h21v05.061.2024250165816.hdf,14923460
8444042153,https://ladsweb.modaps.eosdis.nasa.gov/api/v2/content/archives/MCD19A2.A2024249.h20v05.061.2024250170224.hdf,12892113
8442851987,https://ladsweb.modaps.eosdis.nasa.gov/api/v2/content/archives/MCD19A2.A2024248.h21v05.061.2024250060336.hdf,15667235
8442863560,https://ladsweb.modaps.eosdis.nasa.gov/api/v2/content/archives/MCD19A2.A2024248.h20v05.061.2024250061226.hdf,10692959
8442282505,https://ladsweb.modaps.eosdis.nasa.gov/api/v2/content/archives/MCD19A2.A2024247.h20v05.061.2024250011656.hdf,13916798
8442397615,https://ladsweb.modaps.eosdis.nasa.gov/api/v2/content/archives/MCD19A2.A2024247.h21v05.061.2024250015956.hdf,15146014
8442332378,https://ladsweb.modaps.eosdis.nasa.gov/api/v2/content/archives/MCD19A2.A2024246.h21v05.061.2024250012817.hdf,15778154
8442156409,https://ladsweb.modaps.eosdis.nasa.gov/api/v2/content/archives/MCD19A2.A2024246.h20v05.061.2024250000741.hdf,9847433
8442169441,https://ladsweb.modaps.eosdis.nasa.gov/api/v2/content/archives/MCD19A2.A2024245.h21v05.061.2024250000651.hdf,15928688
8441993037,https://ladsweb.modaps.eosdis.nasa.gov/api/v2/content/archives/MCD19A2.A2024245.h20v05.061.2024249221721.hdf,11904584
8438200395,https://ladsweb.modaps.eosdis.nasa.gov/api/v2/content/archives/MCD19A2.A2024244.h20v05.061.2024248040043.hdf,11892520
8438126097,https://ladsweb.modaps.eosdis.nasa.gov/api/v2/content/archives/MCD19A2.A2024244.h21v05.061.2024248030749.hdf,15078432
8437744892,https://ladsweb.modaps.eosdis.nasa.gov/api/v2/content/archives/MCD19A2.A2024243.h21v05.061.2024248000136.hdf,15501225
8437707502,https://ladsweb.modaps.eosdis.nasa.gov/api/v2/content/archives/MCD19A2.A2024243.h20v05.061.2024247234403.hdf,11518322
8425057279,https://ladsweb.modaps.eosdis.nasa.gov/api/v2/content/archives/MCD19A2.A2024242.h21v05.061.2024243160518.hdf,14620007
8425106799,https://ladsweb.modaps.eosdis.nasa.gov/api/v2/content/archives/MCD19A2.A2024242.h20v05.061.2024243162517.hdf,14091427
8422402269,https://ladsweb.modaps.eosdis.nasa.gov/api/v2/content/archives/MCD19A2.A2024241.h20v05.061.2024242161148.hdf,10256007
8422468350,https://ladsweb.modaps.eosdis.nasa.gov/api/v2/content/archives/MCD19A2.A2024241.h21v05.061.2024242164021.hdf,15503637
8418193361,https://ladsweb.modaps.eosdis.nasa.gov/api/v2/content/archives/MCD19A2.A2024240.h21v05.061.2024241160843.hdf,15199541
8418096975,https://ladsweb.modaps.eosdis.nasa.gov/api/v2/content/archives/MCD19A2.A2024240.h20v05.061.2024241155413.hdf,15840528
8414915195,https://ladsweb.modaps.eosdis.nasa.gov/api/v2/content/archives/MCD19A2.A2024239.h21v05.061.2024240172124.hdf,14834963
8414905670,https://ladsweb.modaps.eosdis.nasa.gov/api/v2/content/archives/MCD19A2.A2024239.h20v05.061.2024240171832.hdf,11570323
8413624336,https://ladsweb.modaps.eosdis.nasa.gov/api/v2/content/archives/MCD19A2.A2024238.h21v05.061.2024239211655.hdf,14602901
8413644141,https://ladsweb.modaps.eosdis.nasa.gov/api/v2/content/archives/MCD19A2.A2024238.h20v05.061.2024239213745.hdf,12924222
8413629080,https://ladsweb.modaps.eosdis.nasa.gov/api/v2/content/archives/MCD19A2.A2024237.h20v05.061.2024239212028.hdf,14022310
8413604437,https://ladsweb.modaps.eosdis.nasa.gov/api/v2/content/archives/MCD19A2.A2024237.h21v05.061.2024239205809.hdf,15024044
8413573860,https://ladsweb.modaps.eosdis.nasa.gov/api/v2/content/archives/MCD19A2.A2024236.h20v05.061.2024239202924.hdf,10865664
8413572007,https://ladsweb.modaps.eosdis.nasa.gov/api/v2/content/archives/MCD19A2.A2024236.h21v05.061.2024239202915.hdf,15775665
8408674511,https://ladsweb.modaps.eosdis.nasa.gov/api/v2/content/archives/MCD19A2.A2024235.h21v05.061.2024236213948.hdf,14840155
8408664744,https://ladsweb.modaps.eosdis.nasa.gov/api/v2/content/archives/MCD19A2.A2024235.h20v05.061.2024236213853.hdf,15269269
8406627511,https://ladsweb.modaps.eosdis.nasa.gov/api/v2/content/archives/MCD19A2.A2024234.h20v05.061.2024235173337.hdf,11046579
8406622122,https://ladsweb.modaps.eosdis.nasa.gov/api/v2/content/archives/MCD19A2.A2024234.h21v05.061.2024235172855.hdf,15305333
8404973143,https://ladsweb.modaps.eosdis.nasa.gov/api/v2/content/archives/MCD19A2.A2024233.h20v05.061.2024234200408.hdf,15145067
8404998448,https://ladsweb.modaps.eosdis.nasa.gov/api/v2/content/archives/MCD19A2.A2024233.h21v05.061.2024234201138.hdf,15876377
8404836386,https://ladsweb.modaps.eosdis.nasa.gov/api/v2/content/archives/MCD19A2.A2024232.h21v05.061.2024234185413.hdf,14893564
8404835603,https://ladsweb.modaps.eosdis.nasa.gov/api/v2/content/archives/MCD19A2.A2024232.h20v05.061.2024234185825.hdf,14369451
8404668375,https://ladsweb.modaps.eosdis.nasa.gov/api/v2/content/archives/MCD19A2.A2024231.h21v05.061.2024234172632.hdf,15064250
8404631214,https://ladsweb.modaps.eosdis.nasa.gov/api/v2/content/archives/MCD19A2.A2024231.h20v05.061.2024234170523.hdf,11277783
8404419593,https://ladsweb.modaps.eosdis.nasa.gov/api/v2/content/archives/MCD19A2.A2024230.h21v05.061.2024234143105.hdf,14789227
8404391601,https://ladsweb.modaps.eosdis.nasa.gov/api/v2/content/archives/MCD19A2.A2024230.h20v05.061.2024234141531.hdf,17762423
8404205518,https://ladsweb.modaps.eosdis.nasa.gov/api/v2/content/archives/MCD19A2.A2024229.h20v05.061.2024234120110.hdf,9792778
8404260481,https://ladsweb.modaps.eosdis.nasa.gov/api/v2/content/archives/MCD19A2.A2024229.h21v05.061.2024234123903.hdf,15140492
8393704453,https://ladsweb.modaps.eosdis.nasa.gov/api/v2/content/archives/MCD19A2.A2024228.h21v05.061.2024229212457.hdf,14954107
8393706840,https://ladsweb.modaps.eosdis.nasa.gov/api/v2/content/archives/MCD19A2.A2024228.h20v05.061.2024229213139.hdf,15760275
8393428158,https://ladsweb.modaps.eosdis.nasa.gov/api/v2/content/archives/MCD19A2.A2024227.h21v05.061.2024229190417.hdf,15244047
8393491829,https://ladsweb.modaps.eosdis.nasa.gov/api/v2/content/archives/MCD19A2.A2024227.h20v05.061.2024229193735.hdf,13652679
8389217106,https://ladsweb.modaps.eosdis.nasa.gov/api/v2/content/archives/MCD19A2.A2024226.h21v05.061.2024228045202.hdf,14856558
8389146627,https://ladsweb.modaps.eosdis.nasa.gov/api/v2/content/archives/MCD19A2.A2024226.h20v05.061.2024228042739.hdf,12148289
8388900994,https://ladsweb.modaps.eosdis.nasa.gov/api/v2/content/archives/MCD19A2.A2024225.h21v05.061.2024228025143.hdf,14734528
8388772638,https://ladsweb.modaps.eosdis.nasa.gov/api/v2/content/archives/MCD19A2.A2024225.h20v05.061.2024228020847.hdf,16588098
8388760757,https://ladsweb.modaps.eosdis.nasa.gov/api/v2/content/archives/MCD19A2.A2024224.h21v05.061.2024228020011.hdf,15289548
8388641777,https://ladsweb.modaps.eosdis.nasa.gov/api/v2/content/archives/MCD19A2.A2024224.h20v05.061.2024228011753.hdf,9991862
8388560885,https://ladsweb.modaps.eosdis.nasa.gov/api/v2/content/archives/MCD19A2.A2024223.h20v05.061.2024228004823.hdf,16444117
8388639910,https://ladsweb.modaps.eosdis.nasa.gov/api/v2/content/archives/MCD19A2.A2024223.h21v05.061.2024228011518.hdf,15917711
8388418640,https://ladsweb.modaps.eosdis.nasa.gov/api/v2/content/archives/MCD19A2.A2024222.h20v05.061.2024227235148.hdf,11845594
8388487584,https://ladsweb.modaps.eosdis.nasa.gov/api/v2/content/archives/MCD19A2.A2024222.h21v05.061.2024228001700.hdf,15090030
8388052112,https://ladsweb.modaps.eosdis.nasa.gov/api/v2/content/archives/MCD19A2.A2024221.h20v05.061.2024227213236.hdf,13607229
8388089434,https://ladsweb.modaps.eosdis.nasa.gov/api/v2/content/archives/MCD19A2.A2024221.h21v05.061.2024227214209.hdf,15159594
8387797782,https://ladsweb.modaps.eosdis.nasa.gov/api/v2/content/archives/MCD19A2.A2024220.h20v05.061.2024227195849.hdf,8234180
8387831893,https://ladsweb.modaps.eosdis.nasa.gov/api/v2/content/archives/MCD19A2.A2024220.h21v05.061.2024227200349.hdf,14847228
8378507062,https://ladsweb.modaps.eosdis.nasa.gov/api/v2/content/archives/MCD19A2.A2024219.h20v05.061.2024221232018.hdf,10062576
8378631767,https://ladsweb.modaps.eosdis.nasa.gov/api/v2/content/archives/MCD19A2.A2024219.h21v05.061.2024222000643.hdf,15791883
8378436556,https://ladsweb.modaps.eosdis.nasa.gov/api/v2/content/archives/MCD19A2.A2024218.h20v05.061.2024221224655.hdf,17789924
8378564879,https://ladsweb.modaps.eosdis.nasa.gov/api/v2/content/archives/MCD19A2.A2024218.h21v05.061.2024221233032.hdf,15457626
8378359654,https://ladsweb.modaps.eosdis.nasa.gov/api/v2/content/archives/MCD19A2.A2024217.h20v05.061.2024221220556.hdf,11185791
8378439059,https://ladsweb.modaps.eosdis.nasa.gov/api/v2/content/archives/MCD19A2.A2024217.h21v05.061.2024221224156.hdf,15339102
8378267069,https://ladsweb.modaps.eosdis.nasa.gov/api/v2/content/archives/MCD19A2.A2024216.h20v05.061.2024221212843.hdf,14558792
8378307734,https://ladsweb.modaps.eosdis.nasa.gov/api/v2/content/archives/MCD19A2.A2024216.h21v05.061.2024221214014.hdf,15390278
8378085961,https://ladsweb.modaps.eosdis.nasa.gov/api/v2/content/archives/MCD19A2.A2024215.h21v05.061.2024221201533.hdf,14874386
8377921279,https://ladsweb.modaps.eosdis.nasa.gov/api/v2/content/archives/MCD19A2.A2024215.h20v05.061.2024221184929.hdf,15408278
8377848276,https://ladsweb.modaps.eosdis.nasa.gov/api/v2/content/archives/MCD19A2.A2024214.h21v05.061.2024221180309.hdf,15767636
8377836567,https://ladsweb.modaps.eosdis.nasa.gov/api/v2/content/archives/MCD19A2.A2024214.h20v05.061.2024221175923.hdf,11006093
8377699504,https://ladsweb.modaps.eosdis.nasa.gov/api/v2/content/archives/MCD19A2.A2024213.h20v05.061.2024221163146.hdf,17477252
8377711448,https://ladsweb.modaps.eosdis.nasa.gov/api/v2/content/archives/MCD19A2.A2024213.h21v05.061.2024221163640.hdf,14956179
8366049473,https://ladsweb.modaps.eosdis.nasa.gov/api/v2/content/archives/MCD19A2.A2024212.h21v05.061.2024213175031.hdf,15749059
8365973216,https://ladsweb.modaps.eosdis.nasa.gov/api/v2/content/archives/MCD19A2.A2024212.h20v05.061.2024213165516.hdf,10188785
8365468008,https://ladsweb.modaps.eosdis.nasa.gov/api/v2/content/archives/MCD19A2.A2024211.h20v05.061.2024212161241.hdf,16546735
8365476640,https://ladsweb.modaps.eosdis.nasa.gov/api/v2/content/archives/MCD19A2.A2024211.h21v05.061.2024212161959.hdf,14474306
8364452514,https://ladsweb.modaps.eosdis.nasa.gov/api/v2/content/archives/MCD19A2.A2024210.h21v05.061.2024211155237.hdf,14608790
8364452244,https://ladsweb.modaps.eosdis.nasa.gov/api/v2/content/archives/MCD19A2.A2024210.h20v05.061.2024211155517.hdf,14038910
8364034102,https://ladsweb.modaps.eosdis.nasa.gov/api/v2/content/archives/MCD19A2.A2024209.h21v05.061.2024210204039.hdf,15533277
8364029370,https://ladsweb.modaps.eosdis.nasa.gov/api/v2/content/archives/MCD19A2.A2024209.h20v05.061.2024210203022.hdf,11298424
8364026765,https://ladsweb.modaps.eosdis.nasa.gov/api/v2/content/archives/MCD19A2.A2024208.h21v05.061.2024210202243.hdf,15029000
8364022430,https://ladsweb.modaps.eosdis.nasa.gov/api/v2/content/archives/MCD19A2.A2024208.h20v05.061.2024210201725.hdf,15016126
8364013203,https://ladsweb.modaps.eosdis.nasa.gov/api/v2/content/archives/MCD19A2.A2024207.h21v05.061.2024210200357.hdf,15726567
8364007732,https://ladsweb.modaps.eosdis.nasa.gov/api/v2/content/archives/MCD19A2.A2024207.h20v05.061.2024210200102.hdf,8822822
8363987305,https://ladsweb.modaps.eosdis.nasa.gov/api/v2/content/archives/MCD19A2.A2024206.h20v05.061.2024210194557.hdf,16365326
8363986645,https://ladsweb.modaps.eosdis.nasa.gov/api/v2/content/archives/MCD19A2.A2024206.h21v05.061.2024210194243.hdf,15438403
8361943094,https://ladsweb.modaps.eosdis.nasa.gov/api/v2/content/archives/MCD19A2.A2024205.h21v05.061.2024206230811.hdf,15251721
8361930030,https://ladsweb.modaps.eosdis.nasa.gov/api/v2/content/archives/MCD19A2.A2024205.h20v05.061.2024206225716.hdf,11919399
8361017188,https://ladsweb.modaps.eosdis.nasa.gov/api/v2/content/archives/MCD19A2.A2024204.h20v05.061.2024205160118.hdf,13598557
8361023259,https://ladsweb.modaps.eosdis.nasa.gov/api/v2/content/archives/MCD19A2.A2024204.h21v05.061.2024205160704.hdf,15644160
8360137956,https://ladsweb.modaps.eosdis.nasa.gov/api/v2/content/archives/MCD19A2.A2024203.h20v05.061.2024204170921.hdf,16751785
8360129084,https://ladsweb.modaps.eosdis.nasa.gov/api/v2/content/archives/MCD19A2.A2024203.h21v05.061.2024204165443.hdf,14753278
8359667893,https://ladsweb.modaps.eosdis.nasa.gov/api/v2/content/archives/MCD19A2.A2024202.h21v05.061.2024203160528.hdf,14978718
8359658863,https://ladsweb.modaps.eosdis.nasa.gov/api/v2/content/archives/MCD19A2.A2024202.h20v05.061.2024203155856.hdf,9594907
8358982741,https://ladsweb.modaps.eosdis.nasa.gov/api/v2/content/archives/MCD19A2.A2024201.h20v05.061.2024202155500.hdf,18400008
8358976935,https://ladsweb.modaps.eosdis.nasa.gov/api/v2/content/archives/MCD19A2.A2024201.h21v05.061.2024202154835.hdf,14669228
8357734242,https://ladsweb.modaps.eosdis.nasa.gov/api/v2/content/archives/MCD19A2.A2024200.h20v05.061.2024201165831.hdf,11399627
8357755508,https://ladsweb.modaps.eosdis.nasa.gov/api/v2/content/archives/MCD19A2.A2024200.h21v05.061.2024201171819.hdf,15058484
8355763937,https://ladsweb.modaps.eosdis.nasa.gov/api/v2/content/archives/MCD19A2.A2024199.h20v05.061.2024200171411.hdf,14684670
8355750834,https://ladsweb.modaps.eosdis.nasa.gov/api/v2/content/archives/MCD19A2.A2024199.h21v05.061.2024200170415.hdf,16378639
8354372635,https://ladsweb.modaps.eosdis.nasa.gov/api/v2/content/archives/MCD19A2.A2024198.h20v05.061.2024199202043.hdf,14241918
8354363141,https://ladsweb.modaps.eosdis.nasa.gov/api/v2/content/archives/MCD19A2.A2024198.h21v05.061.2024199200903.hdf,15041962
8351092006,https://ladsweb.modaps.eosdis.nasa.gov/api/v2/content/archives/MCD19A2.A2024197.h20v05.061.2024198160541.hdf,10309309
8351207468,https://ladsweb.modaps.eosdis.nasa.gov/api/v2/content/archives/MCD19A2.A2024197.h21v05.061.2024198162811.hdf,15816210
8347129755,https://ladsweb.modaps.eosdis.nasa.gov/api/v2/content/archives/MCD19A2.A2024196.h20v05.061.2024197192520.hdf,16807804
8347182100,https://ladsweb.modaps.eosdis.nasa.gov/api/v2/content/archives/MCD19A2.A2024196.h21v05.061.2024197192644.hdf,14898382
8346754584,https://ladsweb.modaps.eosdis.nasa.gov/api/v2/content/archives/MCD19A2.A2024195.h20v05.061.2024197185926.hdf,10047292
8346754585,https://ladsweb.modaps.eosdis.nasa.gov/api/v2/content/archives/MCD19A2.A2024195.h21v05.061.2024197185406.hdf,15675143
8346169777,https://ladsweb.modaps.eosdis.nasa.gov/api/v2/content/archives/MCD19A2.A2024194.h21v05.061.2024197181004.hdf,15985806
8346516303,https://ladsweb.modaps.eosdis.nasa.gov/api/v2/content/archives/MCD19A2.A2024194.h20v05.061.2024197183913.hdf,15558094
8344775912,https://ladsweb.modaps.eosdis.nasa.gov/api/v2/content/archives/MCD19A2.A2024193.h21v05.061.2024195024339.hdf,15126881
8344740709,https://ladsweb.modaps.eosdis.nasa.gov/api/v2/content/archives/MCD19A2.A2024193.h20v05.061.2024195015637.hdf,13687920
8343379539,https://ladsweb.modaps.eosdis.nasa.gov/api/v2/content/archives/MCD19A2.A2024192.h21v05.061.2024193155629.hdf,14755164
8343371327,https://ladsweb.modaps.eosdis.nasa.gov/api/v2/content/archives/MCD19A2.A2024192.h20v05.061.2024193155519.hdf,11716359
8341930299,https://ladsweb.modaps.eosdis.nasa.gov/api/v2/content/archives/MCD19A2.A2024191.h21v05.061.2024192162418.hdf,14465426
8341929566,https://ladsweb.modaps.eosdis.nasa.gov/api/v2/content/archives/MCD19A2.A2024191.h20v05.061.2024192162644.hdf,17313180
8339886265,https://ladsweb.modaps.eosdis.nasa.gov/api/v2/content/archives/MCD19A2.A2024190.h21v05.061.2024191155952.hdf,15370253
8339871724,https://ladsweb.modaps.eosdis.nasa.gov/api/v2/content/archives/MCD19A2.A2024190.h20v05.061.2024191155525.hdf,8914959
8337549149,https://ladsweb.modaps.eosdis.nasa.gov/api/v2/content/archives/MCD19A2.A2024189.h21v05.061.2024190155347.hdf,14814112
8337552611,https://ladsweb.modaps.eosdis.nasa.gov/api/v2/content/archives/MCD19A2.A2024189.h20v05.061.2024190160120.hdf,17204098
8336728389,https://ladsweb.modaps.eosdis.nasa.gov/api/v2/content/archives/MCD19A2.A2024188.h20v05.061.2024190055420.hdf,11206957
8336798549,https://ladsweb.modaps.eosdis.nasa.gov/api/v2/content/archives/MCD19A2.A2024188.h21v05.061.2024190062747.hdf,15424979
8336299531,https://ladsweb.modaps.eosdis.nasa.gov/api/v2/content/archives/MCD19A2.A2024187.h20v05.061.2024190023754.hdf,12324057
8336318040,https://ladsweb.modaps.eosdis.nasa.gov/api/v2/content/archives/MCD19A2.A2024187.h21v05.061.2024190024426.hdf,16761077
8332510914,https://ladsweb.modaps.eosdis.nasa.gov/api/v2/content/archives/MCD19A2.A2024186.h20v05.061.2024187161310.hdf,14256137
8332521865,https://ladsweb.modaps.eosdis.nasa.gov/api/v2/content/archives/MCD19A2.A2024186.h21v05.061.2024187161557.hdf,15352022
8329695249,https://ladsweb.modaps.eosdis.nasa.gov/api/v2/content/archives/MCD19A2.A2024185.h20v05.061.2024186154935.hdf,9686506
8329722144,https://ladsweb.modaps.eosdis.nasa.gov/api/v2/content/archives/MCD19A2.A2024185.h21v05.061.2024186155717.hdf,15661370
8326605680,https://ladsweb.modaps.eosdis.nasa.gov/api/v2/content/archives/MCD19A2.A2024184.h21v05.061.2024185173111.hdf,14128562
8326597107,https://ladsweb.modaps.eosdis.nasa.gov/api/v2/content/archives/MCD19A2.A2024184.h20v05.061.2024185172939.hdf,19229544
8323662618,https://ladsweb.modaps.eosdis.nasa.gov/api/v2/content/archives/MCD19A2.A2024183.h20v05.061.2024184154115.hdf,10878860
8323745807,https://ladsweb.modaps.eosdis.nasa.gov/api/v2/content/archives/MCD19A2.A2024183.h21v05.061.2024184161921.hdf,14500610
8322876409,https://ladsweb.modaps.eosdis.nasa.gov/api/v2/content/archives/MCD19A2.A2024182.h21v05.061.2024183214243.hdf,14329807
8322885898,https://ladsweb.modaps.eosdis.nasa.gov/api/v2/content/archives/MCD19A2.A2024182.h20v05.061.2024183215641.hdf,14988533
8321140308,https://ladsweb.modaps.eosdis.nasa.gov/api/v2/content/archives/MCD19A2.A2024181.h21v05.061.2024182160123.hdf,14608481
8321131173,https://ladsweb.modaps.eosdis.nasa.gov/api/v2/content/archives/MCD19A2.A2024181.h20v05.061.2024182155751.hdf,13572299
8319601694,https://ladsweb.modaps.eosdis.nasa.gov/api/v2/content/archives/MCD19A2.A2024180.h21v05.061.2024181195330.hdf,15878461
8319504855,https://ladsweb.modaps.eosdis.nasa.gov/api/v2/content/archives/MCD19A2.A2024180.h20v05.061.2024181185649.hdf,10421044
8317830882,https://ladsweb.modaps.eosdis.nasa.gov/api/v2/content/archives/MCD19A2.A2024179.h21v05.061.2024181021711.hdf,14654801
8317747946,https://ladsweb.modaps.eosdis.nasa.gov/api/v2/content/archives/MCD19A2.A2024179.h20v05.061.2024181012237.hdf,19541204
8316058051,https://ladsweb.modaps.eosdis.nasa.gov/api/v2/content/archives/MCD19A2.A2024178.h21v05.061.2024180064418.hdf,14920182
8315873866,https://ladsweb.modaps.eosdis.nasa.gov/api/v2/content/archives/MCD19A2.A2024178.h20v05.061.2024180043556.hdf,10368446
8315422916,https://ladsweb.modaps.eosdis.nasa.gov/api/v2/content/archives/MCD19A2.A2024177.h20v05.061.2024179231100.hdf,16340282
8315414998,https://ladsweb.modaps.eosdis.nasa.gov/api/v2/content/archives/MCD19A2.A2024177.h21v05.061.2024179225950.hdf,15649667
8315351328,https://ladsweb.modaps.eosdis.nasa.gov/api/v2/content/archives/MCD19A2.A2024176.h21v05.061.2024179222003.hdf,14241492
8315360620,https://ladsweb.modaps.eosdis.nasa.gov/api/v2/content/archives/MCD19A2.A2024176.h20v05.061.2024179222630.hdf,14022950
8310888587,https://ladsweb.modaps.eosdis.nasa.gov/api/v2/content/archives/MCD19A2.A2024175.h20v05.061.2024177214128.hdf,9159927
8310887501,https://ladsweb.modaps.eosdis.nasa.gov/api/v2/content/archives/MCD19A2.A2024175.h21v05.061.2024177213634.hdf,9543520
8306843796,https://ladsweb.modaps.eosdis.nasa.gov/api/v2/content/archives/MCD19A2.A2024174.h20v05.061.2024175214734.hdf,17569074
8306856826,https://ladsweb.modaps.eosdis.nasa.gov/api/v2/content/archives/MCD19A2.A2024174.h21v05.061.2024175215927.hdf,14443939
8306809762,https://ladsweb.modaps.eosdis.nasa.gov/api/v2/content/archives/MCD19A2.A2024173.h20v05.061.2024175212039.hdf,9378542
8306836085,https://ladsweb.modaps.eosdis.nasa.gov/api/v2/content/archives/MCD19A2.A2024173.h21v05.061.2024175213736.hdf,15628212
8306780887,https://ladsweb.modaps.eosdis.nasa.gov/api/v2/content/archives/MCD19A2.A2024172.h21v05.061.2024175205812.hdf,15297170
8306765176,https://ladsweb.modaps.eosdis.nasa.gov/api/v2/content/archives/MCD19A2.A2024172.h20v05.061.2024175205111.hdf,17202531
8306723831,https://ladsweb.modaps.eosdis.nasa.gov/api/v2/content/archives/MCD19A2.A2024171.h21v05.061.2024175201827.hdf,15269484
8306657716,https://ladsweb.modaps.eosdis.nasa.gov/api/v2/content/archives/MCD19A2.A2024171.h20v05.061.2024175192923.hdf,12618163
8306573235,https://ladsweb.modaps.eosdis.nasa.gov/api/v2/content/archives/MCD19A2.A2024170.h21v05.061.2024175181936.hdf,14996294
8306514389,https://ladsweb.modaps.eosdis.nasa.gov/api/v2/content/archives/MCD19A2.A2024170.h20v05.061.2024175173628.hdf,14495024
8300238503,https://ladsweb.modaps.eosdis.nasa.gov/api/v2/content/archives/MCD19A2.A2024169.h21v05.061.2024171045943.hdf,15045002
8300232339,https://ladsweb.modaps.eosdis.nasa.gov/api/v2/content/archives/MCD19A2.A2024169.h20v05.061.2024171045835.hdf,15889569
8299439745,https://ladsweb.modaps.eosdis.nasa.gov/api/v2/content/archives/MCD19A2.A2024168.h20v05.061.2024170145948.hdf,9196829
8299476460,https://ladsweb.modaps.eosdis.nasa.gov/api/v2/content/archives/MCD19A2.A2024168.h21v05.061.2024170151850.hdf,15499227
8296873680,https://ladsweb.modaps.eosdis.nasa.gov/api/v2/content/archives/MCD19A2.A2024167.h21v05.061.2024169001941.hdf,15398396
8296890767,https://ladsweb.modaps.eosdis.nasa.gov/api/v2/content/archives/MCD19A2.A2024167.h20v05.061.2024169003401.hdf,18530524
8293790293,https://ladsweb.modaps.eosdis.nasa.gov/api/v2/content/archives/MCD19A2.A2024166.h20v05.061.2024167161357.hdf,11404886
8293774993,https://ladsweb.modaps.eosdis.nasa.gov/api/v2/content/archives/MCD19A2.A2024166.h21v05.061.2024167160502.hdf,15355643
8291469143,https://ladsweb.modaps.eosdis.nasa.gov/api/v2/content/archives/MCD19A2.A2024165.h21v05.061.2024166200943.hdf,15870015
8291462839,https://ladsweb.modaps.eosdis.nasa.gov/api/v2/content/archives/MCD19A2.A2024165.h20v05.061.2024166200826.hdf,14373844
8290977679,https://ladsweb.modaps.eosdis.nasa.gov/api/v2/content/archives/MCD19A2.A2024164.h20v05.061.2024166152658.hdf,15639008
8291053404,https://ladsweb.modaps.eosdis.nasa.gov/api/v2/content/archives/MCD19A2.A2024164.h21v05.061.2024166160427.hdf,14987850
8290956913,https://ladsweb.modaps.eosdis.nasa.gov/api/v2/content/archives/MCD19A2.A2024163.h21v05.061.2024166151042.hdf,14891644
8290906588,https://ladsweb.modaps.eosdis.nasa.gov/api/v2/content/archives/MCD19A2.A2024163.h20v05.061.2024166144207.hdf,11141410
8283162825,https://ladsweb.modaps.eosdis.nasa.gov/api/v2/content/archives/MCD19A2.A2024162.h21v05.061.2024163174442.hdf,12480127
8283173151,https://ladsweb.modaps.eosdis.nasa.gov/api/v2/content/archives/MCD19A2.A2024162.h20v05.061.2024163175338.hdf,19501709
8281058510,https://ladsweb.modaps.eosdis.nasa.gov/api/v2/content/archives/MCD19A2.A2024161.h21v05.061.2024162204501.hdf,13745316
8281041520,https://ladsweb.modaps.eosdis.nasa.gov/api/v2/content/archives/MCD19A2.A2024161.h20v05.061.2024162203944.hdf,9575719
8280646415,https://ladsweb.modaps.eosdis.nasa.gov/api/v2/content/archives/MCD19A2.A2024160.h20v05.061.2024162164648.hdf,15364866
8280648512,https://ladsweb.modaps.eosdis.nasa.gov/api/v2/content/archives/MCD19A2.A2024160.h21v05.061.2024162164755.hdf,14562229
8279866076,https://ladsweb.modaps.eosdis.nasa.gov/api/v2/content/archives/MCD19A2.A2024159.h21v05.061.2024161045319.hdf,15025151
8279853120,https://ladsweb.modaps.eosdis.nasa.gov/api/v2/content/archives/MCD19A2.A2024159.h20v05.061.2024161043702.hdf,13169740
8279220046,https://ladsweb.modaps.eosdis.nasa.gov/api/v2/content/archives/MCD19A2.A2024158.h20v05.061.2024160085223.hdf,11147891
8279222169,https://ladsweb.modaps.eosdis.nasa.gov/api/v2/content/archives/MCD19A2.A2024158.h21v05.061.2024160085142.hdf,16190779
8278861899,https://ladsweb.modaps.eosdis.nasa.gov/api/v2/content/archives/MCD19A2.A2024157.h21v05.061.2024159210024.hdf,15090098
8278879594,https://ladsweb.modaps.eosdis.nasa.gov/api/v2/content/archives/MCD19A2.A2024157.h20v05.061.2024159212018.hdf,18999847
8277339130,https://ladsweb.modaps.eosdis.nasa.gov/api/v2/content/archives/MCD19A2.A2024156.h21v05.061.2024158054359.hdf,15564993
8277339926,https://ladsweb.modaps.eosdis.nasa.gov/api/v2/content/archives/MCD19A2.A2024156.h20v05.061.2024158054856.hdf,9200318
8276433165,https://ladsweb.modaps.eosdis.nasa.gov/api/v2/content/archives/MCD19A2.A2024155.h20v05.061.2024157145300.hdf,16132595
8276087167,https://ladsweb.modaps.eosdis.nasa.gov/api/v2/content/archives/MCD19A2.A2024155.h21v05.061.2024157084116.hdf,14009851
8275870994,https://ladsweb.modaps.eosdis.nasa.gov/api/v2/content/archives/MCD19A2.A2024154.h20v05.061.2024157054456.hdf,12958795
8275874161,https://ladsweb.modaps.eosdis.nasa.gov/api/v2/content/archives/MCD19A2.A2024154.h21v05.061.2024157054629.hdf,15204573
8274431120,https://ladsweb.modaps.eosdis.nasa.gov/api/v2/content/archives/MCD19A2.A2024153.h21v05.061.2024156081326.hdf,16091711
8274503145,https://ladsweb.modaps.eosdis.nasa.gov/api/v2/content/archives/MCD19A2.A2024153.h20v05.061.2024156090536.hdf,14474391
8274379134,https://ladsweb.modaps.eosdis.nasa.gov/api/v2/content/archives/MCD19A2.A2024152.h20v05.061.2024156074045.hdf,15113473
8274336053,https://ladsweb.modaps.eosdis.nasa.gov/api/v2/content/archives/MCD19A2.A2024152.h21v05.061.2024156070733.hdf,14860816
8274223616,https://ladsweb.modaps.eosdis.nasa.gov/api/v2/content/archives/MCD19A2.A2024151.h21v05.061.2024156054633.hdf,15338350
8274298039,https://ladsweb.modaps.eosdis.nasa.gov/api/v2/content/archives/MCD19A2.A2024151.h20v05.061.2024156064238.hdf,8781671
8274103848,https://ladsweb.modaps.eosdis.nasa.gov/api/v2/content/archives/MCD19A2.A2024150.h20v05.061.2024156041902.hdf,16281917
8274033335,https://ladsweb.modaps.eosdis.nasa.gov/api/v2/content/archives/MCD19A2.A2024150.h21v05.061.2024156031956.hdf,14415434
8263671474,https://ladsweb.modaps.eosdis.nasa.gov/api/v2/content/archives/MCD19A2.A2024149.h21v05.061.2024152010722.hdf,14444154
8263628231,https://ladsweb.modaps.eosdis.nasa.gov/api/v2/content/archives/MCD19A2.A2024149.h20v05.061.2024152004910.hdf,8467810
8263505379,https://ladsweb.modaps.eosdis.nasa.gov/api/v2/content/archives/MCD19A2.A2024148.h20v05.061.2024152000512.hdf,12650513
8263605272,https://ladsweb.modaps.eosdis.nasa.gov/api/v2/content/archives/MCD19A2.A2024148.h21v05.061.2024152003951.hdf,15535104
8253985346,https://ladsweb.modaps.eosdis.nasa.gov/api/v2/content/archives/MCD19A2.A2024147.h20v05.061.2024148174918.hdf,12060073
8253996413,https://ladsweb.modaps.eosdis.nasa.gov/api/v2/content/archives/MCD19A2.A2024147.h21v05.061.2024148175203.hdf,13545980
8253621030,https://ladsweb.modaps.eosdis.nasa.gov/api/v2/content/archives/MCD19A2.A2024146.h21v05.061.2024148151731.hdf,8607862
8253560153,https://ladsweb.modaps.eosdis.nasa.gov/api/v2/content/archives/MCD19A2.A2024146.h20v05.061.2024148145750.hdf,6771561
8248324094,https://ladsweb.modaps.eosdis.nasa.gov/api/v2/content/archives/MCD19A2.A2024145.h21v05.061.2024146164433.hdf,13628746
8248336195,https://ladsweb.modaps.eosdis.nasa.gov/api/v2/content/archives/MCD19A2.A2024145.h20v05.061.2024146165229.hdf,15909449
8245342643,https://ladsweb.modaps.eosdis.nasa.gov/api/v2/content/archives/MCD19A2.A2024144.h21v05.061.2024145163531.hdf,12523282
8245312204,https://ladsweb.modaps.eosdis.nasa.gov/api/v2/content/archives/MCD19A2.A2024144.h20v05.061.2024145163210.hdf,8292486
8242440113,https://ladsweb.modaps.eosdis.nasa.gov/api/v2/content/archives/MCD19A2.A2024143.h21v05.061.2024144170053.hdf,12859872
8242401601,https://ladsweb.modaps.eosdis.nasa.gov/api/v2/content/archives/MCD19A2.A2024143.h20v05.061.2024144164418.hdf,10051420
8240362947,https://ladsweb.modaps.eosdis.nasa.gov/api/v2/content/archives/MCD19A2.A2024142.h20v05.061.2024143214223.hdf,12827930
8240327105,https://ladsweb.modaps.eosdis.nasa.gov/api/v2/content/archives/MCD19A2.A2024142.h21v05.061.2024143211606.hdf,12671567
8239012298,https://ladsweb.modaps.eosdis.nasa.gov/api/v2/content/archives/MCD19A2.A2024141.h21v05.061.2024143092130.hdf,12201653
8238865452,https://ladsweb.modaps.eosdis.nasa.gov/api/v2/content/archives/MCD19A2.A2024141.h20v05.061.2024143074435.hdf,11768418
8238548306,https://ladsweb.modaps.eosdis.nasa.gov/api/v2/content/archives/MCD19A2.A2024140.h20v05.061.2024143040702.hdf,12631327
8238678253,https://ladsweb.modaps.eosdis.nasa.gov/api/v2/content/archives/MCD19A2.A2024140.h21v05.061.2024143051814.hdf,13586419
8235263960,https://ladsweb.modaps.eosdis.nasa.gov/api/v2/content/archives/MCD19A2.A2024139.h21v05.061.2024141221650.hdf,14457273
8235203538,https://ladsweb.modaps.eosdis.nasa.gov/api/v2/content/archives/MCD19A2.A2024139.h20v05.061.2024141215444.hdf,9790411
8230110350,https://ladsweb.modaps.eosdis.nasa.gov/api/v2/content/archives/MCD19A2.A2024138.h21v05.061.2024139181845.hdf,14072864
8230113087,https://ladsweb.modaps.eosdis.nasa.gov/api/v2/content/archives/MCD19A2.A2024138.h20v05.061.2024139182147.hdf,11907601
8227884159,https://ladsweb.modaps.eosdis.nasa.gov/api/v2/content/archives/MCD19A2.A2024137.h21v05.061.2024138180909.hdf,13082365
8227750928,https://ladsweb.modaps.eosdis.nasa.gov/api/v2/content/archives/MCD19A2.A2024137.h20v05.061.2024138170839.hdf,10860637
8225226814,https://ladsweb.modaps.eosdis.nasa.gov/api/v2/content/archives/MCD19A2.A2024136.h20v05.061.2024137155358.hdf,13743449
8225243668,https://ladsweb.modaps.eosdis.nasa.gov/api/v2/content/archives/MCD19A2.A2024136.h21v05.061.2024137155921.hdf,12977699
8223336903,https://ladsweb.modaps.eosdis.nasa.gov/api/v2/content/archives/MCD19A2.A2024135.h21v05.061.2024136223603.hdf,12950293
8223254748,https://ladsweb.modaps.eosdis.nasa.gov/api/v2/content/archives/MCD19A2.A2024135.h20v05.061.2024136215350.hdf,14273452
8221314402,https://ladsweb.modaps.eosdis.nasa.gov/api/v2/content/archives/MCD19A2.A2024134.h21v05.061.2024136003922.hdf,11078030
8221302818,https://ladsweb.modaps.eosdis.nasa.gov/api/v2/content/archives/MCD19A2.A2024134.h20v05.061.2024136003355.hdf,8439421
8219129075,https://ladsweb.modaps.eosdis.nasa.gov/api/v2/content/archives/MCD19A2.A2024133.h21v05.061.2024134225124.hdf,13084989
8219071781,https://ladsweb.modaps.eosdis.nasa.gov/api/v2/content/archives/MCD19A2.A2024133.h20v05.061.2024134222108.hdf,11976347
8218940602,https://ladsweb.modaps.eosdis.nasa.gov/api/v2/content/archives/MCD19A2.A2024132.h21v05.061.2024134205720.hdf,11927639
8218959882,https://ladsweb.modaps.eosdis.nasa.gov/api/v2/content/archives/MCD19A2.A2024132.h20v05.061.2024134211100.hdf,8290502
8214476229,https://ladsweb.modaps.eosdis.nasa.gov/api/v2/content/archives/MCD19A2.A2024131.h21v05.061.2024132163401.hdf,13876959
8214463181,https://ladsweb.modaps.eosdis.nasa.gov/api/v2/content/archives/MCD19A2.A2024131.h20v05.061.2024132163129.hdf,10726849
8210560666,https://ladsweb.modaps.eosdis.nasa.gov/api/v2/content/archives/MCD19A2.A2024130.h20v05.061.2024131170201.hdf,10141743
8210577108,https://ladsweb.modaps.eosdis.nasa.gov/api/v2/content/archives/MCD19A2.A2024130.h21v05.061.2024131170810.hdf,13551149
8209002313,https://ladsweb.modaps.eosdis.nasa.gov/api/v2/content/archives/MCD19A2.A2024129.h21v05.061.2024130212230.hdf,13514201
8208992846,https://ladsweb.modaps.eosdis.nasa.gov/api/v2/content/archives/MCD19A2.A2024129.h20v05.061.2024130212143.hdf,10487671
8206561166,https://ladsweb.modaps.eosdis.nasa.gov/api/v2/content/archives/MCD19A2.A2024128.h20v05.061.2024129175500.hdf,17738120
8206582895,https://ladsweb.modaps.eosdis.nasa.gov/api/v2/content/archives/MCD19A2.A2024128.h21v05.061.2024129181353.hdf,11627658
8204429457,https://ladsweb.modaps.eosdis.nasa.gov/api/v2/content/archives/MCD19A2.A2024127.h21v05.061.2024128162126.hdf,10461539
8204404428,https://ladsweb.modaps.eosdis.nasa.gov/api/v2/content/archives/MCD19A2.A2024127.h20v05.061.2024128160540.hdf,8613159
8202481425,https://ladsweb.modaps.eosdis.nasa.gov/api/v2/content/archives/MCD19A2.A2024126.h21v05.061.2024127162536.hdf,11797089
8202481424,https://ladsweb.modaps.eosdis.nasa.gov/api/v2/content/archives/MCD19A2.A2024126.h20v05.061.2024127162838.hdf,10292756
8200540186,https://ladsweb.modaps.eosdis.nasa.gov/api/v2/content/archives/MCD19A2.A2024125.h20v05.061.2024126161933.hdf,9129798
8200517569,https://ladsweb.modaps.eosdis.nasa.gov/api/v2/content/archives/MCD19A2.A2024125.h21v05.061.2024126160255.hdf,12403067
8198421787,https://ladsweb.modaps.eosdis.nasa.gov/api/v2/content/archives/MCD19A2.A2024124.h21v05.061.2024125174453.hdf,11013672
8198400288,https://ladsweb.modaps.eosdis.nasa.gov/api/v2/content/archives/MCD19A2.A2024124.h20v05.061.2024125173330.hdf,12486286
8197069900,https://ladsweb.modaps.eosdis.nasa.gov/api/v2/content/archives/MCD19A2.A2024123.h21v05.061.2024125045200.hdf,9970877
8197082631,https://ladsweb.modaps.eosdis.nasa.gov/api/v2/content/archives/MCD19A2.A2024123.h20v05.061.2024125050100.hdf,11356750
8196804963,https://ladsweb.modaps.eosdis.nasa.gov/api/v2/content/archives/MCD19A2.A2024122.h20v05.061.2024125022733.hdf,7981546
8196823748,https://ladsweb.modaps.eosdis.nasa.gov/api/v2/content/archives/MCD19A2.A2024122.h21v05.061.2024125023507.hdf,10437698
8196373016,https://ladsweb.modaps.eosdis.nasa.gov/api/v2/content/archives/MCD19A2.A2024121.h21v05.061.2024124215832.hdf,9873167
8196310595,https://ladsweb.modaps.eosdis.nasa.gov/api/v2/content/archives/MCD19A2.A2024121.h20v05.061.2024124212628.hdf,13382417
8186795606,https://ladsweb.modaps.eosdis.nasa.gov/api/v2/content/archives/MCD19A2.A2024120.h20v05.061.2024121165756.hdf,8694161
8186854788,https://ladsweb.modaps.eosdis.nasa.gov/api/v2/content/archives/MCD19A2.A2024120.h21v05.061.2024121172009.hdf,11712079
8184100402,https://ladsweb.modaps.eosdis.nasa.gov/api/v2/content/archives/MCD19A2.A2024119.h20v05.061.2024120161204.hdf,13560413
8184103153,https://ladsweb.modaps.eosdis.nasa.gov/api/v2/content/archives/MCD19A2.A2024119.h21v05.061.2024120161303.hdf,13120436
8183591581,https://ladsweb.modaps.eosdis.nasa.gov/api/v2/content/archives/MCD19A2.A2024118.h20v05.061.2024120030457.hdf,9495054
8183608518,https://ladsweb.modaps.eosdis.nasa.gov/api/v2/content/archives/MCD19A2.A2024118.h21v05.061.2024120031116.hdf,12480830
8180793828,https://ladsweb.modaps.eosdis.nasa.gov/api/v2/content/archives/MCD19A2.A2024117.h20v05.061.2024118230659.hdf,9758022
8180796519,https://ladsweb.modaps.eosdis.nasa.gov/api/v2/content/archives/MCD19A2.A2024117.h21v05.061.2024118230519.hdf,14830382
8177244161,https://ladsweb.modaps.eosdis.nasa.gov/api/v2/content/archives/MCD19A2.A2024116.h20v05.061.2024117170125.hdf,7546624
8177310094,https://ladsweb.modaps.eosdis.nasa.gov/api/v2/content/archives/MCD19A2.A2024116.h21v05.061.2024117171032.hdf,14450274
8174777909,https://ladsweb.modaps.eosdis.nasa.gov/api/v2/content/archives/MCD19A2.A2024115.h20v05.061.2024117015430.hdf,8561401
8174784472,https://ladsweb.modaps.eosdis.nasa.gov/api/v2/content/archives/MCD19A2.A2024115.h21v05.061.2024117015046.hdf,13389171
8172704351,https://ladsweb.modaps.eosdis.nasa.gov/api/v2/content/archives/MCD19A2.A2024114.h21v05.061.2024116003320.hdf,12968120
8172705124,https://ladsweb.modaps.eosdis.nasa.gov/api/v2/content/archives/MCD19A2.A2024114.h20v05.061.2024116003853.hdf,11162384
8172071806,https://ladsweb.modaps.eosdis.nasa.gov/api/v2/content/archives/MCD19A2.A2024113.h21v05.061.2024115163407.hdf,13618675
8172065375,https://ladsweb.modaps.eosdis.nasa.gov/api/v2/content/archives/MCD19A2.A2024113.h20v05.061.2024115161732.hdf,11421879
8171998325,https://ladsweb.modaps.eosdis.nasa.gov/api/v2/content/archives/MCD19A2.A2024112.h21v05.061.2024115141612.hdf,12277014
8171989883,https://ladsweb.modaps.eosdis.nasa.gov/api/v2/content/archives/MCD19A2.A2024112.h20v05.061.2024115135249.hdf,12069757
8171601928,https://ladsweb.modaps.eosdis.nasa.gov/api/v2/content/archives/MCD19A2.A2024111.h21v05.061.2024115085237.hdf,12845434
8171593045,https://ladsweb.modaps.eosdis.nasa.gov/api/v2/content/archives/MCD19A2.A2024111.h20v05.061.2024115080451.hdf,10851183
8171396607,https://ladsweb.modaps.eosdis.nasa.gov/api/v2/content/archives/MCD19A2.A2024110.h20v05.061.2024115003155.hdf,9630217
8171436058,https://ladsweb.modaps.eosdis.nasa.gov/api/v2/content/archives/MCD19A2.A2024110.h21v05.061.2024115011211.hdf,14812267
8162663531,https://ladsweb.modaps.eosdis.nasa.gov/api/v2/content/archives/MCD19A2.A2024109.h20v05.061.2024110204838.hdf,13929932
8162724707,https://ladsweb.modaps.eosdis.nasa.gov/api/v2/content/archives/MCD19A2.A2024109.h21v05.061.2024110211740.hdf,15346196
8162625327,https://ladsweb.modaps.eosdis.nasa.gov/api/v2/content/archives/MCD19A2.A2024108.h20v05.061.2024110203003.hdf,11967671
8162658301,https://ladsweb.modaps.eosdis.nasa.gov/api/v2/content/archives/MCD19A2.A2024108.h21v05.061.2024110204213.hdf,14780096
8162549820,https://ladsweb.modaps.eosdis.nasa.gov/api/v2/content/archives/MCD19A2.A2024107.h20v05.061.2024110195416.hdf,10910806
8162614354,https://ladsweb.modaps.eosdis.nasa.gov/api/v2/content/archives/MCD19A2.A2024107.h21v05.061.2024110202020.hdf,14961749
8162454481,https://ladsweb.modaps.eosdis.nasa.gov/api/v2/content/archives/MCD19A2.A2024106.h20v05.061.2024110184427.hdf,15053634
8162527272,https://ladsweb.modaps.eosdis.nasa.gov/api/v2/content/archives/MCD19A2.A2024106.h21v05.061.2024110193839.hdf,10969755
8154172913,https://ladsweb.modaps.eosdis.nasa.gov/api/v2/content/archives/MCD19A2.A2024105.h20v05.061.2024106170947.hdf,10722087
8154212315,https://ladsweb.modaps.eosdis.nasa.gov/api/v2/content/archives/MCD19A2.A2024105.h21v05.061.2024106173413.hdf,14453378
8152383342,https://ladsweb.modaps.eosdis.nasa.gov/api/v2/content/archives/MCD19A2.A2024104.h21v05.061.2024105160648.hdf,14286930
8152375877,https://ladsweb.modaps.eosdis.nasa.gov/api/v2/content/archives/MCD19A2.A2024104.h20v05.061.2024105160515.hdf,14951433
8150250528,https://ladsweb.modaps.eosdis.nasa.gov/api/v2/content/archives/MCD19A2.A2024103.h20v05.061.2024104161715.hdf,8698056
8150254616,https://ladsweb.modaps.eosdis.nasa.gov/api/v2/content/archives/MCD19A2.A2024103.h21v05.061.2024104161802.hdf,12740568
8148223839,https://ladsweb.modaps.eosdis.nasa.gov/api/v2/content/archives/MCD19A2.A2024102.h20v05.061.2024103213537.hdf,14331278
8148231040,https://ladsweb.modaps.eosdis.nasa.gov/api/v2/content/archives/MCD19A2.A2024102.h21v05.061.2024103213646.hdf,11158320
8145361086,https://ladsweb.modaps.eosdis.nasa.gov/api/v2/content/archives/MCD19A2.A2024101.h21v05.061.2024102160959.hdf,9695171
8145357485,https://ladsweb.modaps.eosdis.nasa.gov/api/v2/content/archives/MCD19A2.A2024101.h20v05.061.2024102161021.hdf,10283991
8143585393,https://ladsweb.modaps.eosdis.nasa.gov/api/v2/content/archives/MCD19A2.A2024100.h20v05.061.2024101160902.hdf,10282090
8143603736,https://ladsweb.modaps.eosdis.nasa.gov/api/v2/content/archives/MCD19A2.A2024100.h21v05.061.2024101161725.hdf,12310539
8142179007,https://ladsweb.modaps.eosdis.nasa.gov/api/v2/content/archives/MCD19A2.A2024099.h20v05.061.2024100160702.hdf,10778843
8142195570,https://ladsweb.modaps.eosdis.nasa.gov/api/v2/content/archives/MCD19A2.A2024099.h21v05.061.2024100161137.hdf,11409209
8140894506,https://ladsweb.modaps.eosdis.nasa.gov/api/v2/content/archives/MCD19A2.A2024098.h21v05.061.2024100005633.hdf,10781091
8140877349,https://ladsweb.modaps.eosdis.nasa.gov/api/v2/content/archives/MCD19A2.A2024098.h20v05.061.2024100005011.hdf,8439788
8140843429,https://ladsweb.modaps.eosdis.nasa.gov/api/v2/content/archives/MCD19A2.A2024097.h21v05.061.2024100002604.hdf,12122010
8140840537,https://ladsweb.modaps.eosdis.nasa.gov/api/v2/content/archives/MCD19A2.A2024097.h20v05.061.2024100002520.hdf,15657035
8136438276,https://ladsweb.modaps.eosdis.nasa.gov/api/v2/content/archives/MCD19A2.A2024096.h21v05.061.2024097162032.hdf,13825350
8136432692,https://ladsweb.modaps.eosdis.nasa.gov/api/v2/content/archives/MCD19A2.A2024096.h20v05.061.2024097161720.hdf,10211789
8135275289,https://ladsweb.modaps.eosdis.nasa.gov/api/v2/content/archives/MCD19A2.A2024095.h20v05.061.2024096191831.hdf,13438417
8135337951,https://ladsweb.modaps.eosdis.nasa.gov/api/v2/content/archives/MCD19A2.A2024095.h21v05.061.2024096195045.hdf,13127406
8133612021,https://ladsweb.modaps.eosdis.nasa.gov/api/v2/content/archives/MCD19A2.A2024094.h20v05.061.2024095191313.hdf,14614660
8133654224,https://ladsweb.modaps.eosdis.nasa.gov/api/v2/content/archives/MCD19A2.A2024094.h21v05.061.2024095193301.hdf,13752001
8131622550,https://ladsweb.modaps.eosdis.nasa.gov/api/v2/content/archives/MCD19A2.A2024093.h21v05.061.2024094215011.hdf,14192728
8131613658,https://ladsweb.modaps.eosdis.nasa.gov/api/v2/content/archives/MCD19A2.A2024093.h20v05.061.2024094214927.hdf,10590908
8130122996,https://ladsweb.modaps.eosdis.nasa.gov/api/v2/content/archives/MCD19A2.A2024092.h20v05.061.2024094031524.hdf,16637461
8130131971,https://ladsweb.modaps.eosdis.nasa.gov/api/v2/content/archives/MCD19A2.A2024092.h21v05.061.2024094032349.hdf,14348202
8130100670,https://ladsweb.modaps.eosdis.nasa.gov/api/v2/content/archives/MCD19A2.A2024091.h21v05.061.2024094025622.hdf,13663111
8130093505,https://ladsweb.modaps.eosdis.nasa.gov/api/v2/content/archives/MCD19A2.A2024091.h20v05.061.2024094025358.hdf,10425975
8130067517,https://ladsweb.modaps.eosdis.nasa.gov/api/v2/content/archives/MCD19A2.A2024090.h20v05.061.2024094023401.hdf,15482536
8130070681,https://ladsweb.modaps.eosdis.nasa.gov/api/v2/content/archives/MCD19A2.A2024090.h21v05.061.2024094023455.hdf,11105830
8130043142,https://ladsweb.modaps.eosdis.nasa.gov/api/v2/content/archives/MCD19A2.A2024089.h21v05.061.2024094021614.hdf,10972044
8130037914,https://ladsweb.modaps.eosdis.nasa.gov/api/v2/content/archives/MCD19A2.A2024089.h20v05.061.2024094021438.hdf,9973468
8130008267,https://ladsweb.modaps.eosdis.nasa.gov/api/v2/content/archives/MCD19A2.A2024088.h20v05.061.2024094015422.hdf,7269993
8130013992,https://ladsweb.modaps.eosdis.nasa.gov/api/v2/content/archives/MCD19A2.A2024088.h21v05.061.2024094015519.hdf,14709742
8129967685,https://ladsweb.modaps.eosdis.nasa.gov/api/v2/content/archives/MCD19A2.A2024087.h21v05.061.2024094013048.hdf,9910020
8129963955,https://ladsweb.modaps.eosdis.nasa.gov/api/v2/content/archives/MCD19A2.A2024087.h20v05.061.2024094013055.hdf,11568169
8129930628,https://ladsweb.modaps.eosdis.nasa.gov/api/v2/content/archives/MCD19A2.A2024086.h21v05.061.2024094010456.hdf,11124837
8129929836,https://ladsweb.modaps.eosdis.nasa.gov/api/v2/content/archives/MCD19A2.A2024086.h20v05.061.2024094010655.hdf,8137702
8129733738,https://ladsweb.modaps.eosdis.nasa.gov/api/v2/content/archives/MCD19A2.A2024085.h20v05.061.2024093223415.hdf,11270182
8129793456,https://ladsweb.modaps.eosdis.nasa.gov/api/v2/content/archives/MCD19A2.A2024085.h21v05.061.2024093231117.hdf,10590576
8129419701,https://ladsweb.modaps.eosdis.nasa.gov/api/v2/content/archives/MCD19A2.A2024084.h21v05.061.2024093190859.hdf,6916913
8129406678,https://ladsweb.modaps.eosdis.nasa.gov/api/v2/content/archives/MCD19A2.A2024084.h20v05.061.2024093190303.hdf,9443471
8129099032,https://ladsweb.modaps.eosdis.nasa.gov/api/v2/content/archives/MCD19A2.A2024083.h20v05.061.2024093162625.hdf,9257822
8129123055,https://ladsweb.modaps.eosdis.nasa.gov/api/v2/content/archives/MCD19A2.A2024083.h21v05.061.2024093164002.hdf,10659232
8117173878,https://ladsweb.modaps.eosdis.nasa.gov/api/v2/content/archives/MCD19A2.A2024082.h21v05.061.2024085183209.hdf,10167404
8117174778,https://ladsweb.modaps.eosdis.nasa.gov/api/v2/content/archives/MCD19A2.A2024082.h20v05.061.2024085183347.hdf,11675578
8112092568,https://ladsweb.modaps.eosdis.nasa.gov/api/v2/content/archives/MCD19A2.A2024081.h20v05.061.2024082193607.hdf,9811546
8112131319,https://ladsweb.modaps.eosdis.nasa.gov/api/v2/content/archives/MCD19A2.A2024081.h21v05.061.2024082195056.hdf,11522239
8112023382,https://ladsweb.modaps.eosdis.nasa.gov/api/v2/content/archives/MCD19A2.A2024080.h20v05.061.2024082191513.hdf,10726519
8112070164,https://ladsweb.modaps.eosdis.nasa.gov/api/v2/content/archives/MCD19A2.A2024080.h21v05.061.2024082192716.hdf,10586818
8109594943,https://ladsweb.modaps.eosdis.nasa.gov/api/v2/content/archives/MCD19A2.A2024079.h21v05.061.2024081191539.hdf,7976967
8109593754,https://ladsweb.modaps.eosdis.nasa.gov/api/v2/content/archives/MCD19A2.A2024079.h20v05.061.2024081191604.hdf,9277174
8104757203,https://ladsweb.modaps.eosdis.nasa.gov/api/v2/content/archives/MCD19A2.A2024078.h21v05.061.2024079161520.hdf,6649344
8104766326,https://ladsweb.modaps.eosdis.nasa.gov/api/v2/content/archives/MCD19A2.A2024078.h20v05.061.2024079162305.hdf,10169299
8102862384,https://ladsweb.modaps.eosdis.nasa.gov/api/v2/content/archives/MCD19A2.A2024077.h20v05.061.2024078212410.hdf,7859806
8102872809,https://ladsweb.modaps.eosdis.nasa.gov/api/v2/content/archives/MCD19A2.A2024077.h21v05.061.2024078212512.hdf,11278025
8101585115,https://ladsweb.modaps.eosdis.nasa.gov/api/v2/content/archives/MCD19A2.A2024076.h20v05.061.2024078052422.hdf,7516635
8101540286,https://ladsweb.modaps.eosdis.nasa.gov/api/v2/content/archives/MCD19A2.A2024076.h21v05.061.2024078045232.hdf,11599851
8097935386,https://ladsweb.modaps.eosdis.nasa.gov/api/v2/content/archives/MCD19A2.A2024075.h21v05.061.2024076170318.hdf,11385192
8097902321,https://ladsweb.modaps.eosdis.nasa.gov/api/v2/content/archives/MCD19A2.A2024075.h20v05.061.2024076165540.hdf,11658807
8094922840,https://ladsweb.modaps.eosdis.nasa.gov/api/v2/content/archives/MCD19A2.A2024074.h21v05.061.2024075172315.hdf,12017842
8094933195,https://ladsweb.modaps.eosdis.nasa.gov/api/v2/content/archives/MCD19A2.A2024074.h20v05.061.2024075172831.hdf,9191425
8092263666,https://ladsweb.modaps.eosdis.nasa.gov/api/v2/content/archives/MCD19A2.A2024073.h20v05.061.2024074165206.hdf,10618668
8092361378,https://ladsweb.modaps.eosdis.nasa.gov/api/v2/content/archives/MCD19A2.A2024073.h21v05.061.2024074173754.hdf,11547478
8089877775,https://ladsweb.modaps.eosdis.nasa.gov/api/v2/content/archives/MCD19A2.A2024072.h20v05.061.2024073214612.hdf,11553039
8090028320,https://ladsweb.modaps.eosdis.nasa.gov/api/v2/content/archives/MCD19A2.A2024072.h21v05.061.2024073224614.hdf,12777907
8087752415,https://ladsweb.modaps.eosdis.nasa.gov/api/v2/content/archives/MCD19A2.A2024071.h20v05.061.2024073043736.hdf,13833068
8087759117,https://ladsweb.modaps.eosdis.nasa.gov/api/v2/content/archives/MCD19A2.A2024071.h21v05.061.2024073043742.hdf,12852074
8083518691,https://ladsweb.modaps.eosdis.nasa.gov/api/v2/content/archives/MCD19A2.A2024070.h21v05.061.2024071193247.hdf,10919531
8083346092,https://ladsweb.modaps.eosdis.nasa.gov/api/v2/content/archives/MCD19A2.A2024070.h20v05.061.2024071182134.hdf,11228900
8081379402,https://ladsweb.modaps.eosdis.nasa.gov/api/v2/content/archives/MCD19A2.A2024069.h20v05.061.2024070162406.hdf,9038687
8081375294,https://ladsweb.modaps.eosdis.nasa.gov/api/v2/content/archives/MCD19A2.A2024069.h21v05.061.2024070161944.hdf,11367317
8079167899,https://ladsweb.modaps.eosdis.nasa.gov/api/v2/content/archives/MCD19A2.A2024068.h21v05.061.2024069163543.hdf,11598886
8079267627,https://ladsweb.modaps.eosdis.nasa.gov/api/v2/content/archives/MCD19A2.A2024068.h20v05.061.2024069171349.hdf,11000879
8077011070,https://ladsweb.modaps.eosdis.nasa.gov/api/v2/content/archives/MCD19A2.A2024067.h20v05.061.2024068211647.hdf,9473902
8077106645,https://ladsweb.modaps.eosdis.nasa.gov/api/v2/content/archives/MCD19A2.A2024067.h21v05.061.2024068221649.hdf,11704099
8072702520,https://ladsweb.modaps.eosdis.nasa.gov/api/v2/content/archives/MCD19A2.A2024066.h20v05.061.2024067172041.hdf,9968937
8072732014,https://ladsweb.modaps.eosdis.nasa.gov/api/v2/content/archives/MCD19A2.A2024066.h21v05.061.2024067172523.hdf,11615593
8068880259,https://ladsweb.modaps.eosdis.nasa.gov/api/v2/content/archives/MCD19A2.A2024065.h21v05.061.2024066182151.hdf,12709171
8068876494,https://ladsweb.modaps.eosdis.nasa.gov/api/v2/content/archives/MCD19A2.A2024065.h20v05.061.2024066182313.hdf,11751817
8067146965,https://ladsweb.modaps.eosdis.nasa.gov/api/v2/content/archives/MCD19A2.A2024064.h20v05.061.2024066103048.hdf,11540081
8067149608,https://ladsweb.modaps.eosdis.nasa.gov/api/v2/content/archives/MCD19A2.A2024064.h21v05.061.2024066102932.hdf,12219340
8067051589,https://ladsweb.modaps.eosdis.nasa.gov/api/v2/content/archives/MCD19A2.A2024063.h20v05.061.2024066092446.hdf,8819199
8067056919,https://ladsweb.modaps.eosdis.nasa.gov/api/v2/content/archives/MCD19A2.A2024063.h21v05.061.2024066092935.hdf,10706163
8066906280,https://ladsweb.modaps.eosdis.nasa.gov/api/v2/content/archives/MCD19A2.A2024062.h21v05.061.2024066082226.hdf,12070829
8066903933,https://ladsweb.modaps.eosdis.nasa.gov/api/v2/content/archives/MCD19A2.A2024062.h20v05.061.2024066082216.hdf,11152943
8066482420,https://ladsweb.modaps.eosdis.nasa.gov/api/v2/content/archives/MCD19A2.A2024061.h21v05.061.2024066063646.hdf,11547257
8066505597,https://ladsweb.modaps.eosdis.nasa.gov/api/v2/content/archives/MCD19A2.A2024061.h20v05.061.2024066064210.hdf,7831329
8066021641,https://ladsweb.modaps.eosdis.nasa.gov/api/v2/content/archives/MCD19A2.A2024060.h20v05.061.2024066041744.hdf,13512526
8066011473,https://ladsweb.modaps.eosdis.nasa.gov/api/v2/content/archives/MCD19A2.A2024060.h21v05.061.2024066041256.hdf,12587565
8065618934,https://ladsweb.modaps.eosdis.nasa.gov/api/v2/content/archives/MCD19A2.A2024059.h21v05.061.2024066023245.hdf,6689467
8065716138,https://ladsweb.modaps.eosdis.nasa.gov/api/v2/content/archives/MCD19A2.A2024059.h20v05.061.2024066025711.hdf,10412756
8049112693,https://ladsweb.modaps.eosdis.nasa.gov/api/v2/content/archives/MCD19A2.A2024058.h21v05.061.2024061063914.hdf,11371729
8049141632,https://ladsweb.modaps.eosdis.nasa.gov/api/v2/content/archives/MCD19A2.A2024058.h20v05.061.2024061065323.hdf,12425840
8049049248,https://ladsweb.modaps.eosdis.nasa.gov/api/v2/content/archives/MCD19A2.A2024057.h20v05.061.2024061062353.hdf,6577718
8048994898,https://ladsweb.modaps.eosdis.nasa.gov/api/v2/content/archives/MCD19A2.A2024057.h21v05.061.2024061055852.hdf,12467421
8048786288,https://ladsweb.modaps.eosdis.nasa.gov/api/v2/content/archives/MCD19A2.A2024056.h20v05.061.2024061045406.hdf,13995111
8048390595,https://ladsweb.modaps.eosdis.nasa.gov/api/v2/content/archives/MCD19A2.A2024056.h21v05.061.2024061025025.hdf,11548644
8047729841,https://ladsweb.modaps.eosdis.nasa.gov/api/v2/content/archives/MCD19A2.A2024055.h21v05.061.2024060232512.hdf,8201049
8047849270,https://ladsweb.modaps.eosdis.nasa.gov/api/v2/content/archives/MCD19A2.A2024055.h20v05.061.2024061000138.hdf,11445460
8047350336,https://ladsweb.modaps.eosdis.nasa.gov/api/v2/content/archives/MCD19A2.A2024054.h20v05.061.2024060213356.hdf,9621599
8047262304,https://ladsweb.modaps.eosdis.nasa.gov/api/v2/content/archives/MCD19A2.A2024054.h21v05.061.2024060210242.hdf,9055981
8034918047,https://ladsweb.modaps.eosdis.nasa.gov/api/v2/content/archives/MCD19A2.A2024053.h21v05.061.2024056204521.hdf,11813658
8034593193,https://ladsweb.modaps.eosdis.nasa.gov/api/v2/content/archives/MCD19A2.A2024053.h20v05.061.2024056190127.hdf,12332053
8033902245,https://ladsweb.modaps.eosdis.nasa.gov/api/v2/content/archives/MCD19A2.A2024052.h20v05.061.2024056144434.hdf,10253355
8034229870,https://ladsweb.modaps.eosdis.nasa.gov/api/v2/content/archives/MCD19A2.A2024052.h21v05.061.2024056164844.hdf,11416171
8032862518,https://ladsweb.modaps.eosdis.nasa.gov/api/v2/content/archives/MCD19A2.A2024051.h21v05.061.2024056065140.hdf,10300756
8032057625,https://ladsweb.modaps.eosdis.nasa.gov/api/v2/content/archives/MCD19A2.A2024051.h20v05.061.2024056001017.hdf,11793095
8025359762,https://ladsweb.modaps.eosdis.nasa.gov/api/v2/content/archives/MCD19A2.A2024050.h20v05.061.2024053220810.hdf,11137498
8025292841,https://ladsweb.modaps.eosdis.nasa.gov/api/v2/content/archives/MCD19A2.A2024050.h21v05.061.2024053213443.hdf,10388294
8016104705,https://ladsweb.modaps.eosdis.nasa.gov/api/v2/content/archives/MCD19A2.A2024049.h20v05.061.2024051055624.hdf,10260216
8016176778,https://ladsweb.modaps.eosdis.nasa.gov/api/v2/content/archives/MCD19A2.A2024049.h21v05.061.2024051061041.hdf,10277598
8015622908,https://ladsweb.modaps.eosdis.nasa.gov/api/v2/content/archives/MCD19A2.A2024048.h20v05.061.2024051025925.hdf,9163418
8015641872,https://ladsweb.modaps.eosdis.nasa.gov/api/v2/content/archives/MCD19A2.A2024048.h21v05.061.2024051030117.hdf,9979728
8006817060,https://ladsweb.modaps.eosdis.nasa.gov/api/v2/content/archives/MCD19A2.A2024047.h20v05.061.2024048164858.hdf,7992563
8007101268,https://ladsweb.modaps.eosdis.nasa.gov/api/v2/content/archives/MCD19A2.A2024047.h21v05.061.2024048182624.hdf,8693766
8003078594,https://ladsweb.modaps.eosdis.nasa.gov/api/v2/content/archives/MCD19A2.A2024046.h20v05.061.2024047164844.hdf,7988258
8003105694,https://ladsweb.modaps.eosdis.nasa.gov/api/v2/content/archives/MCD19A2.A2024046.h21v05.061.2024047170651.hdf,8884882
7999374109,https://ladsweb.modaps.eosdis.nasa.gov/api/v2/content/archives/MCD19A2.A2024045.h20v05.061.2024046182300.hdf,7605821
7999393994,https://ladsweb.modaps.eosdis.nasa.gov/api/v2/content/archives/MCD19A2.A2024045.h21v05.061.2024046182934.hdf,8025207
7995900946,https://ladsweb.modaps.eosdis.nasa.gov/api/v2/content/archives/MCD19A2.A2024044.h21v05.061.2024045190628.hdf,7383343
7996064777,https://ladsweb.modaps.eosdis.nasa.gov/api/v2/content/archives/MCD19A2.A2024044.h20v05.061.2024045201023.hdf,8812128
7992197956,https://ladsweb.modaps.eosdis.nasa.gov/api/v2/content/archives/MCD19A2.A2024043.h20v05.061.2024044173001.hdf,4700962
7992093833,https://ladsweb.modaps.eosdis.nasa.gov/api/v2/content/archives/MCD19A2.A2024043.h21v05.061.2024044164844.hdf,11841589
7990210961,https://ladsweb.modaps.eosdis.nasa.gov/api/v2/content/archives/MCD19A2.A2024042.h20v05.061.2024044024507.hdf,7045284
7990317995,https://ladsweb.modaps.eosdis.nasa.gov/api/v2/content/archives/MCD19A2.A2024042.h21v05.061.2024044032227.hdf,11882105
7989912449,https://ladsweb.modaps.eosdis.nasa.gov/api/v2/content/archives/MCD19A2.A2024041.h21v05.061.2024044003850.hdf,11217163
7989981643,https://ladsweb.modaps.eosdis.nasa.gov/api/v2/content/archives/MCD19A2.A2024041.h20v05.061.2024044010707.hdf,12165635
7989758092,https://ladsweb.modaps.eosdis.nasa.gov/api/v2/content/archives/MCD19A2.A2024040.h20v05.061.2024043233708.hdf,9542466
7989788814,https://ladsweb.modaps.eosdis.nasa.gov/api/v2/content/archives/MCD19A2.A2024040.h21v05.061.2024043234818.hdf,5156285
7989499085,https://ladsweb.modaps.eosdis.nasa.gov/api/v2/content/archives/MCD19A2.A2024039.h20v05.061.2024043214832.hdf,9017953
7989572561,https://ladsweb.modaps.eosdis.nasa.gov/api/v2/content/archives/MCD19A2.A2024039.h21v05.061.2024043221507.hdf,11577122
7989517704,https://ladsweb.modaps.eosdis.nasa.gov/api/v2/content/archives/MCD19A2.A2024038.h21v05.061.2024043215521.hdf,11820689
7989456221,https://ladsweb.modaps.eosdis.nasa.gov/api/v2/content/archives/MCD19A2.A2024038.h20v05.061.2024043213149.hdf,9951218
7989476526,https://ladsweb.modaps.eosdis.nasa.gov/api/v2/content/archives/MCD19A2.A2024037.h21v05.061.2024043213850.hdf,10575672
7989393105,https://ladsweb.modaps.eosdis.nasa.gov/api/v2/content/archives/MCD19A2.A2024037.h20v05.061.2024043211204.hdf,11538158
7989310975,https://ladsweb.modaps.eosdis.nasa.gov/api/v2/content/archives/MCD19A2.A2024036.h20v05.061.2024043204654.hdf,11395586
7989420035,https://ladsweb.modaps.eosdis.nasa.gov/api/v2/content/archives/MCD19A2.A2024036.h21v05.061.2024043211941.hdf,9326487
7989307263,https://ladsweb.modaps.eosdis.nasa.gov/api/v2/content/archives/MCD19A2.A2024035.h21v05.061.2024043204443.hdf,9951899
7989027335,https://ladsweb.modaps.eosdis.nasa.gov/api/v2/content/archives/MCD19A2.A2024035.h20v05.061.2024043190240.hdf,9947641
7988978646,https://ladsweb.modaps.eosdis.nasa.gov/api/v2/content/archives/MCD19A2.A2024034.h20v05.061.2024043184451.hdf,10791358
7989048594,https://ladsweb.modaps.eosdis.nasa.gov/api/v2/content/archives/MCD19A2.A2024034.h21v05.061.2024043190656.hdf,10733209
7988895573,https://ladsweb.modaps.eosdis.nasa.gov/api/v2/content/archives/MCD19A2.A2024033.h20v05.061.2024043181133.hdf,5551443
7988992452,https://ladsweb.modaps.eosdis.nasa.gov/api/v2/content/archives/MCD19A2.A2024033.h21v05.061.2024043184748.hdf,6050272
7988672778,https://ladsweb.modaps.eosdis.nasa.gov/api/v2/content/archives/MCD19A2.A2024032.h20v05.061.2024043163736.hdf,5155719
7988843171,https://ladsweb.modaps.eosdis.nasa.gov/api/v2/content/archives/MCD19A2.A2024032.h21v05.061.2024043174453.hdf,4365072
7966680789,https://ladsweb.modaps.eosdis.nasa.gov/api/v2/content/archives/MCD19A2.A2024031.h20v05.061.2024034015303.hdf,8439988
7966706905,https://ladsweb.modaps.eosdis.nasa.gov/api/v2/content/archives/MCD19A2.A2024031.h21v05.061.2024034020039.hdf,9906372
7966338396,https://ladsweb.modaps.eosdis.nasa.gov/api/v2/content/archives/MCD19A2.A2024030.h20v05.061.2024033230412.hdf,7636578
7966328249,https://ladsweb.modaps.eosdis.nasa.gov/api/v2/content/archives/MCD19A2.A2024030.h21v05.061.2024033225439.hdf,8767526
7965618739,https://ladsweb.modaps.eosdis.nasa.gov/api/v2/content/archives/MCD19A2.A2024029.h21v05.061.2024033093701.hdf,9105975
7965671070,https://ladsweb.modaps.eosdis.nasa.gov/api/v2/content/archives/MCD19A2.A2024029.h20v05.061.2024033103443.hdf,7839879
7960794766,https://ladsweb.modaps.eosdis.nasa.gov/api/v2/content/archives/MCD19A2.A2024028.h21v05.061.2024030185125.hdf,9924914
7960736178,https://ladsweb.modaps.eosdis.nasa.gov/api/v2/content/archives/MCD19A2.A2024028.h20v05.061.2024030181546.hdf,9746573
7960612605,https://ladsweb.modaps.eosdis.nasa.gov/api/v2/content/archives/MCD19A2.A2024027.h20v05.061.2024030170437.hdf,12061546
7960647615,https://ladsweb.modaps.eosdis.nasa.gov/api/v2/content/archives/MCD19A2.A2024027.h21v05.061.2024030172048.hdf,8919809
7960529415,https://ladsweb.modaps.eosdis.nasa.gov/api/v2/content/archives/MCD19A2.A2024026.h20v05.061.2024030161233.hdf,9796026
7960550477,https://ladsweb.modaps.eosdis.nasa.gov/api/v2/content/archives/MCD19A2.A2024026.h21v05.061.2024030162427.hdf,8655836
7955193196,https://ladsweb.modaps.eosdis.nasa.gov/api/v2/content/archives/MCD19A2.A2024025.h20v05.061.2024027094841.hdf,9085675
7955231394,https://ladsweb.modaps.eosdis.nasa.gov/api/v2/content/archives/MCD19A2.A2024025.h21v05.061.2024027100602.hdf,10311199
7954798147,https://ladsweb.modaps.eosdis.nasa.gov/api/v2/content/archives/MCD19A2.A2024024.h21v05.061.2024027032258.hdf,9896850
7954731470,https://ladsweb.modaps.eosdis.nasa.gov/api/v2/content/archives/MCD19A2.A2024024.h20v05.061.2024027022344.hdf,10512285
7954344936,https://ladsweb.modaps.eosdis.nasa.gov/api/v2/content/archives/MCD19A2.A2024023.h20v05.061.2024026213345.hdf,8800810
7954340355,https://ladsweb.modaps.eosdis.nasa.gov/api/v2/content/archives/MCD19A2.A2024023.h21v05.061.2024026212856.hdf,10152246
7954191215,https://ladsweb.modaps.eosdis.nasa.gov/api/v2/content/archives/MCD19A2.A2024022.h21v05.061.2024026201838.hdf,9814225
7954246497,https://ladsweb.modaps.eosdis.nasa.gov/api/v2/content/archives/MCD19A2.A2024022.h20v05.061.2024026204459.hdf,10249224
7954102920,https://ladsweb.modaps.eosdis.nasa.gov/api/v2/content/archives/MCD19A2.A2024021.h21v05.061.2024026194455.hdf,10120313
7954113903,https://ladsweb.modaps.eosdis.nasa.gov/api/v2/content/archives/MCD19A2.A2024021.h20v05.061.2024026195308.hdf,8121293
7945831479,https://ladsweb.modaps.eosdis.nasa.gov/api/v2/content/archives/MCD19A2.A2024020.h21v05.061.2024022051129.hdf,10746064
7945740335,https://ladsweb.modaps.eosdis.nasa.gov/api/v2/content/archives/MCD19A2.A2024020.h20v05.061.2024022033828.hdf,8401622
7943835601,https://ladsweb.modaps.eosdis.nasa.gov/api/v2/content/archives/MCD19A2.A2024019.h21v05.061.2024021003525.hdf,11040367
7943656219,https://ladsweb.modaps.eosdis.nasa.gov/api/v2/content/archives/MCD19A2.A2024019.h20v05.061.2024020223327.hdf,10030082
7941255139,https://ladsweb.modaps.eosdis.nasa.gov/api/v2/content/archives/MCD19A2.A2024018.h20v05.061.2024019191854.hdf,9578828
7941227145,https://ladsweb.modaps.eosdis.nasa.gov/api/v2/content/archives/MCD19A2.A2024018.h21v05.061.2024019185047.hdf,11168625
7939556162,https://ladsweb.modaps.eosdis.nasa.gov/api/v2/content/archives/MCD19A2.A2024017.h20v05.061.2024019034607.hdf,10359109
7939588949,https://ladsweb.modaps.eosdis.nasa.gov/api/v2/content/archives/MCD19A2.A2024017.h21v05.061.2024019040052.hdf,9831568
7939239171,https://ladsweb.modaps.eosdis.nasa.gov/api/v2/content/archives/MCD19A2.A2024016.h21v05.061.2024019010129.hdf,10923881
7939236722,https://ladsweb.modaps.eosdis.nasa.gov/api/v2/content/archives/MCD19A2.A2024016.h20v05.061.2024019010318.hdf,8403171
7938994511,https://ladsweb.modaps.eosdis.nasa.gov/api/v2/content/archives/MCD19A2.A2024015.h20v05.061.2024018225906.hdf,9427568
7938998030,https://ladsweb.modaps.eosdis.nasa.gov/api/v2/content/archives/MCD19A2.A2024015.h21v05.061.2024018225829.hdf,10486643
7938864030,https://ladsweb.modaps.eosdis.nasa.gov/api/v2/content/archives/MCD19A2.A2024014.h21v05.061.2024018214520.hdf,10238914
7938834211,https://ladsweb.modaps.eosdis.nasa.gov/api/v2/content/archives/MCD19A2.A2024014.h20v05.061.2024018213655.hdf,10741029
7932643276,https://ladsweb.modaps.eosdis.nasa.gov/api/v2/content/archives/MCD19A2.A2024013.h20v05.061.2024014161730.hdf,9132485
7932670644,https://ladsweb.modaps.eosdis.nasa.gov/api/v2/content/archives/MCD19A2.A2024013.h21v05.061.2024014162843.hdf,8521146
7930484307,https://ladsweb.modaps.eosdis.nasa.gov/api/v2/content/archives/MCD19A2.A2024012.h20v05.061.2024013165251.hdf,7381798
7930526118,https://ladsweb.modaps.eosdis.nasa.gov/api/v2/content/archives/MCD19A2.A2024012.h21v05.061.2024013170842.hdf,9932680
7928177928,https://ladsweb.modaps.eosdis.nasa.gov/api/v2/content/archives/MCD19A2.A2024011.h20v05.061.2024012193503.hdf,8372629
7928024337,https://ladsweb.modaps.eosdis.nasa.gov/api/v2/content/archives/MCD19A2.A2024011.h21v05.061.2024012181710.hdf,8796710
7924890626,https://ladsweb.modaps.eosdis.nasa.gov/api/v2/content/archives/MCD19A2.A2024010.h21v05.061.2024011212757.hdf,9680643
7924930473,https://ladsweb.modaps.eosdis.nasa.gov/api/v2/content/archives/MCD19A2.A2024010.h20v05.061.2024011214808.hdf,8212648
7924307365,https://ladsweb.modaps.eosdis.nasa.gov/api/v2/content/archives/MCD19A2.A2024009.h21v05.061.2024011164357.hdf,9518074
7924270439,https://ladsweb.modaps.eosdis.nasa.gov/api/v2/content/archives/MCD19A2.A2024009.h20v05.061.2024011162450.hdf,8905988
7921221637,https://ladsweb.modaps.eosdis.nasa.gov/api/v2/content/archives/MCD19A2.A2024008.h20v05.061.2024009203044.hdf,6299318
7921264659,https://ladsweb.modaps.eosdis.nasa.gov/api/v2/content/archives/MCD19A2.A2024008.h21v05.061.2024009210450.hdf,8593495
7920015076,https://ladsweb.modaps.eosdis.nasa.gov/api/v2/content/archives/MCD19A2.A2024007.h21v05.061.2024009045207.hdf,12414056
7920256064,https://ladsweb.modaps.eosdis.nasa.gov/api/v2/content/archives/MCD19A2.A2024007.h20v05.061.2024009082111.hdf,8761920
7919871315,https://ladsweb.modaps.eosdis.nasa.gov/api/v2/content/archives/MCD19A2.A2024006.h21v05.061.2024009024756.hdf,11356693
7920033091,https://ladsweb.modaps.eosdis.nasa.gov/api/v2/content/archives/MCD19A2.A2024006.h20v05.061.2024009051050.hdf,11666400
7919690804,https://ladsweb.modaps.eosdis.nasa.gov/api/v2/content/archives/MCD19A2.A2024005.h21v05.061.2024008224436.hdf,10270930
7919836183,https://ladsweb.modaps.eosdis.nasa.gov/api/v2/content/archives/MCD19A2.A2024005.h20v05.061.2024009021136.hdf,11963037
7914416226,https://ladsweb.modaps.eosdis.nasa.gov/api/v2/content/archives/MCD19A2.A2024004.h21v05.061.2024006005356.hdf,10651916
7914381460,https://ladsweb.modaps.eosdis.nasa.gov/api/v2/content/archives/MCD19A2.A2024004.h20v05.061.2024006003414.hdf,9635101
7913619586,https://ladsweb.modaps.eosdis.nasa.gov/api/v2/content/archives/MCD19A2.A2024003.h21v05.061.2024005150129.hdf,8079622
7913589559,https://ladsweb.modaps.eosdis.nasa.gov/api/v2/content/archives/MCD19A2.A2024003.h20v05.061.2024005144949.hdf,4740033
7912616129,https://ladsweb.modaps.eosdis.nasa.gov/api/v2/content/archives/MCD19A2.A2024002.h20v05.061.2024005025822.hdf,8095297
7912627261,https://ladsweb.modaps.eosdis.nasa.gov/api/v2/content/archives/MCD19A2.A2024002.h21v05.061.2024005030454.hdf,9356454
7911893904,https://ladsweb.modaps.eosdis.nasa.gov/api/v2/content/archives/MCD19A2.A2024001.h20v05.061.2024004181335.hdf,8066694
7911912155,https://ladsweb.modaps.eosdis.nasa.gov/api/v2/content/archives/MCD19A2.A2024001.h21v05.061.2024004182223.hdf,12098581
